<?xml version="1.0" encoding="UTF-8"?>
<!DOCTYPE mapper PUBLIC "-//mybatis.org//DTD Mapper 3.0//EN" "http://mybatis.org/dtd/mybatis-3-mapper.dtd">
<mapper namespace="com.chinatechstar.crm.dao.CrmCooperationManagerDao">

    <resultMap type="com.chinatechstar.crm.entity.CrmCooperationManager" id="CrmCooperationManagerMap">
        <result property="userId" column="user_id" jdbcType="VARCHAR"/>
        <result property="name" column="name" jdbcType="VARCHAR"/>
        <result property="mobile" column="mobile" jdbcType="VARCHAR"/>
        <result property="email" column="email" jdbcType="VARCHAR"/>
        <result property="industry" column="industry" jdbcType="VARCHAR"/>
        <result property="sex" column="sex" jdbcType="VARCHAR"/>
        <result property="supplyGood" column="supply_good" jdbcType="VARCHAR"/>
        <result property="area" column="area" jdbcType="VARCHAR"/>
        <result property="address" column="address" jdbcType="VARCHAR"/>
        <result property="issigned" column="issigned" jdbcType="VARCHAR"/>
        <result property="contract" column="contract" jdbcType="VARCHAR"/>
        <result property="grade" column="grade" jdbcType="VARCHAR"/>
        <result property="srcChannel" column="src_channel" jdbcType="VARCHAR"/>
        <result property="checkRemark" column="check_remark" jdbcType="VARCHAR"/>
        <result property="checkStatus" column="check_status" jdbcType="VARCHAR"/>
        <result property="createTime" column="create_time" jdbcType="TIMESTAMP"/>
        <result property="createUser" column="create_user" jdbcType="VARCHAR"/>
        <result property="updateTime" column="update_time" jdbcType="TIMESTAMP"/>
        <result property="updateUser" column="update_user" jdbcType="VARCHAR"/>
        <result property="checkTime" column="check_time" jdbcType="TIMESTAMP"/>
        <result property="checkUser" column="check_user" jdbcType="VARCHAR"/>
        <result property="coopType" column="coop_type" jdbcType="VARCHAR"/>
        <result property="mchtId" column="mcht_id" jdbcType="VARCHAR"/>
    </resultMap>

    <!--查询单个-->
    <select id="queryById" resultMap="CrmCooperationManagerMap">
        select user_id,
               name,
               mobile,
               email,
               industry,
               sex,
               supply_good,
               area,
               address,
               issigned,
               contract,
               grade,
               src_channel,
               check_remark,
               check_status,
               create_time,
               create_user,
               update_time,
               update_user,
               check_time,
               check_user,
               coop_type,
               mcht_id
        from crm_cooperation_manager
        where user_id = #{userId}
    </select>

    <!--查询指定行数据-->
    <select id="queryAllByPage" resultMap="CrmCooperationManagerMap">
        select
        user_id, name, mobile, email, industry, sex, supply_good, area, address, issigned, contract, grade, src_channel,
        check_remark, check_status, create_time, create_user, update_time, update_user, check_time, check_user,
        coop_type, mcht_id
        from crm_cooperation_manager
        where 1 = 1
        <if test="userId != null and userId != ''">
            and user_id = #{userId}
        </if>
        <if test="name != null and name != ''">
            and name = #{name}
        </if>
        <if test="mobile != null and mobile != ''">
            and mobile = #{mobile}
        </if>
        <if test="email != null and email != ''">
            and email = #{email}
        </if>
        <if test="industry != null and industry != ''">
            and industry = #{industry}
        </if>
        <if test="sex != null and sex != ''">
            and sex = #{sex}
        </if>
        <if test="supplyGood != null and supplyGood != ''">
            and supply_good = #{supplyGood}
        </if>
        <if test="area != null and area != ''">
            and area = #{area}
        </if>
        <if test="address != null and address != ''">
            and address = #{address}
        </if>
        <if test="issigned != null and issigned != ''">
            and issigned = #{issigned}
        </if>
        <if test="contract != null and contract != ''">
            and contract = #{contract}
        </if>
        <if test="grade != null and grade != ''">
            and grade = #{grade}
        </if>
        <if test="srcChannel != null and srcChannel != ''">
            and src_channel = #{srcChannel}
        </if>
        <if test="checkRemark != null and checkRemark != ''">
            and check_remark = #{checkRemark}
        </if>
        <if test="checkStatus != null and checkStatus != ''">
            and check_status = #{checkStatus}
        </if>
        <if test="createTime != null">
            and create_time = #{createTime}
        </if>
        <if test="createUser != null and createUser != ''">
            and create_user = #{createUser}
        </if>
        <if test="updateTime != null">
            and update_time = #{updateTime}
        </if>
        <if test="updateUser != null and updateUser != ''">
            and update_user = #{updateUser}
        </if>
        <if test="checkTime != null">
            and check_time = #{checkTime}
        </if>
        <if test="checkUser != null and checkUser != ''">
            and check_user = #{checkUser}
        </if>
        <if test="coopType != null and coopType != ''">
            and coop_type = #{coopType}
        </if>
        <if test="mchtId != null and mchtId != ''">
            and mcht_id = #{mchtId}
        </if>

    </select>

    <!--统计总行数-->
    <select id="count" resultType="java.lang.Long">
        select count(1)
        from crm_cooperation_manager
        where 1 = 1
        <if test="userId != null and userId != ''">
            and user_id = #{userId}
        </if>
        <if test="name != null and name != ''">
            and name = #{name}
        </if>
        <if test="mobile != null and mobile != ''">
            and mobile = #{mobile}
        </if>
        <if test="email != null and email != ''">
            and email = #{email}
        </if>
        <if test="industry != null and industry != ''">
            and industry = #{industry}
        </if>
        <if test="sex != null and sex != ''">
            and sex = #{sex}
        </if>
        <if test="supplyGood != null and supplyGood != ''">
            and supply_good = #{supplyGood}
        </if>
        <if test="area != null and area != ''">
            and area = #{area}
        </if>
        <if test="address != null and address != ''">
            and address = #{address}
        </if>
        <if test="issigned != null and issigned != ''">
            and issigned = #{issigned}
        </if>
        <if test="contract != null and contract != ''">
            and contract = #{contract}
        </if>
        <if test="grade != null and grade != ''">
            and grade = #{grade}
        </if>
        <if test="srcChannel != null and srcChannel != ''">
            and src_channel = #{srcChannel}
        </if>
        <if test="checkRemark != null and checkRemark != ''">
            and check_remark = #{checkRemark}
        </if>
        <if test="checkStatus != null and checkStatus != ''">
            and check_status = #{checkStatus}
        </if>
        <if test="createTime != null">
            and create_time = #{createTime}
        </if>
        <if test="createUser != null and createUser != ''">
            and create_user = #{createUser}
        </if>
        <if test="updateTime != null">
            and update_time = #{updateTime}
        </if>
        <if test="updateUser != null and updateUser != ''">
            and update_user = #{updateUser}
        </if>
        <if test="checkTime != null">
            and check_time = #{checkTime}
        </if>
        <if test="checkUser != null and checkUser != ''">
            and check_user = #{checkUser}
        </if>
        <if test="coopType != null and coopType != ''">
            and coop_type = #{coopType}
        </if>
        <if test="mchtId != null and mchtId != ''">
            and mcht_id = #{mchtId}
        </if>

    </select>

    <!--新增所有列-->
    <insert id="insert" keyProperty="userId" useGeneratedKeys="true">
        insert into crm_cooperation_manager(user_id, name, mobile, email, industry, sex, supply_good, area, address,
                                            issigned, contract, grade, src_channel, check_remark, check_status,
                                            create_time, create_user, update_time, update_user, check_time, check_user,
                                            coop_type, mcht_id)
        values (#{userId}, #{name}, #{mobile}, #{email}, #{industry}, #{sex}, #{supplyGood}, #{area}, #{address},
                #{issigned}, #{contract}, #{grade}, #{srcChannel}, #{checkRemark}, #{checkStatus}, #{createTime},
                #{createUser}, #{updateTime}, #{updateUser}, #{checkTime}, #{checkUser}, #{coopType}, #{mchtId})
    </insert>

    <insert id="insertBatch" keyProperty="userId" useGeneratedKeys="true">
        insert into crm_cooperation_manager(user_id, name, mobile, email, industry, sex, supply_good, area, address,
        issigned, contract, grade, src_channel, check_remark, check_status, create_time, create_user, update_time,
        update_user, check_time, check_user, coop_type, mcht_id)
        values
        <foreach collection="entities" item="entity" separator=",">
            (#{entity.userId}, #{entity.name}, #{entity.mobile}, #{entity.email}, #{entity.industry}, #{entity.sex},
            #{entity.supplyGood}, #{entity.area}, #{entity.address}, #{entity.issigned}, #{entity.contract},
            #{entity.grade}, #{entity.srcChannel}, #{entity.checkRemark}, #{entity.checkStatus}, #{entity.createTime},
            #{entity.createUser}, #{entity.updateTime}, #{entity.updateUser}, #{entity.checkTime}, #{entity.checkUser},
            #{entity.coopType}, #{entity.mchtId})
        </foreach>
    </insert>

    <insert id="insertOrUpdateBatch" keyProperty="userId" useGeneratedKeys="true">
        insert into crm_cooperation_manager(user_id, name, mobile, email, industry, sex, supply_good, area, address,
        issigned, contract, grade, src_channel, check_remark, check_status, create_time, create_user, update_time,
        update_user, check_time, check_user, coop_type, mcht_id)
        values
        <foreach collection="entities" item="entity" separator=",">
            (#{entity.userId}, #{entity.name}, #{entity.mobile}, #{entity.email}, #{entity.industry}, #{entity.sex},
            #{entity.supplyGood}, #{entity.area}, #{entity.address}, #{entity.issigned}, #{entity.contract},
            #{entity.grade}, #{entity.srcChannel}, #{entity.checkRemark}, #{entity.checkStatus}, #{entity.createTime},
            #{entity.createUser}, #{entity.updateTime}, #{entity.updateUser}, #{entity.checkTime}, #{entity.checkUser},
            #{entity.coopType}, #{entity.mchtId})
        </foreach>
        on duplicate key update
        user_id = values(user_id),
        name = values(name),
        mobile = values(mobile),
        email = values(email),
        industry = values(industry),
        sex = values(sex),
        supply_good = values(supply_good),
        area = values(area),
        address = values(address),
        issigned = values(issigned),
        contract = values(contract),
        grade = values(grade),
        src_channel = values(src_channel),
        check_remark = values(check_remark),
        check_status = values(check_status),
        create_time = values(create_time),
        create_user = values(create_user),
        update_time = values(update_time),
        update_user = values(update_user),
        check_time = values(check_time),
        check_user = values(check_user),
        coop_type = values(coop_type),
        mcht_id = values(mcht_id)
    </insert>

    <!--通过主键修改数据-->
    <update id="update">
        update crm_cooperation_manager
        <set>
            <if test="name != null and name != ''">
                name = #{name},
            </if>
            <if test="mobile != null and mobile != ''">
                mobile = #{mobile},
            </if>
            <if test="email != null and email != ''">
                email = #{email},
            </if>
            <if test="industry != null and industry != ''">
                industry = #{industry},
            </if>
            <if test="sex != null and sex != ''">
                sex = #{sex},
            </if>
            <if test="supplyGood != null and supplyGood != ''">
                supply_good = #{supplyGood},
            </if>
            <if test="area != null and area != ''">
                area = #{area},
            </if>
            <if test="address != null and address != ''">
                address = #{address},
            </if>
            <if test="issigned != null and issigned != ''">
                issigned = #{issigned},
            </if>
            <if test="contract != null and contract != ''">
                contract = #{contract},
            </if>
            <if test="grade != null and grade != ''">
                grade = #{grade},
            </if>
            <if test="srcChannel != null and srcChannel != ''">
                src_channel = #{srcChannel},
            </if>
            <if test="checkRemark != null and checkRemark != ''">
                check_remark = #{checkRemark},
            </if>
            <if test="checkStatus != null and checkStatus != ''">
                check_status = #{checkStatus},
            </if>
            <if test="createTime != null">
                create_time = #{createTime},
            </if>
            <if test="createUser != null and createUser != ''">
                create_user = #{createUser},
            </if>
            <if test="updateTime != null">
                update_time = #{updateTime},
            </if>
            <if test="updateUser != null and updateUser != ''">
                update_user = #{updateUser},
            </if>
            <if test="checkTime != null">
                check_time = #{checkTime},
            </if>
            <if test="checkUser != null and checkUser != ''">
                check_user = #{checkUser},
            </if>
            <if test="coopType != null and coopType != ''">
                coop_type = #{coopType},
            </if>
            <if test="mchtId != null and mchtId != ''">
                mcht_id = #{mchtId},
            </if>
        </set>
        where user_id = #{userId}
    </update>

    <!--通过主键删除-->
    <delete id="deleteById">
        delete
        from crm_cooperation_manager
        where user_id = #{userId}
    </delete>

</mapper>

