<?xml version="1.0" encoding="UTF-8"?>
<!DOCTYPE mapper PUBLIC "-//mybatis.org//DTD Mapper 3.0//EN" "http://mybatis.org/dtd/mybatis-3-mapper.dtd">
<mapper namespace="com.chinatechstar.crm.dao.CrmGradeRuleDao">

    <resultMap type="com.chinatechstar.crm.entity.CrmGradeRule" id="CrmGradeRuleMap">
        <result property="gradeId" column="grade_id" jdbcType="VARCHAR"/>
        <result property="ruleId" column="rule_id" jdbcType="VARCHAR"/>
        <result property="status" column="status" jdbcType="VARCHAR"/>
    </resultMap>

    <!--查询单个-->
    <select id="queryById" resultMap="CrmGradeRuleMap">
        select grade_id,
               rule_id,
               status
        from crm_grade_rule
        where grade_id = #{gradeId}
    </select>

    <!--查询指定行数据-->
    <select id="queryAllByPage" resultMap="CrmGradeRuleMap">
        select
        grade_id, rule_id, status
        from crm_grade_rule
        where 1 = 1
        <if test="gradeId != null and gradeId != ''">
            and grade_id = #{gradeId}
        </if>
        <if test="ruleId != null and ruleId != ''">
            and rule_id = #{ruleId}
        </if>
        <if test="status != null and status != ''">
            and status = #{status}
        </if>

    </select>

    <!--统计总行数-->
    <select id="count" resultType="java.lang.Long">
        select count(1)
        from crm_grade_rule
        where 1 = 1
        <if test="gradeId != null and gradeId != ''">
            and grade_id = #{gradeId}
        </if>
        <if test="ruleId != null and ruleId != ''">
            and rule_id = #{ruleId}
        </if>
        <if test="status != null and status != ''">
            and status = #{status}
        </if>

    </select>

    <!--新增所有列-->
    <insert id="insert" keyProperty="" useGeneratedKeys="true">
        insert into crm_grade_rule(grade_id, rule_id, status)
        values (#{gradeId}, #{ruleId}, #{status})

    </insert>

    <insert id="insertBatch" keyProperty="" useGeneratedKeys="true">
        insert into crm_grade_rule(grade_id, rule_id, status)
        values
        <foreach collection="entities" item="entity" separator=",">
            (#{entity.gradeId}, #{entity.ruleId}, #{entity.status})
        </foreach>
    </insert>

    <insert id="insertOrUpdateBatch" keyProperty="" useGeneratedKeys="true">
        insert into crm_grade_rule(grade_id, rule_id, status)
        values
        <foreach collection="entities" item="entity" separator=",">
            (#{entity.gradeId}, #{entity.ruleId}, #{entity.status})
        </foreach>
        on duplicate key update
        status = values(status)
    </insert>

    <!--通过主键修改数据-->
    <update id="update">
        update crm_grade_rule
        set status = #{status}
        where grade_id = #{gradeId} and rule_id = #{ruleId}
    </update>

    <delete id="delete">
        delete from crm_grade_rule
        where grade_id = #{gradeId} and rule_id = #{ruleId}
    </delete>


</mapper>

