<?xml version="1.0" encoding="UTF-8"?>
<!DOCTYPE mapper PUBLIC "-//mybatis.org//DTD Mapper 3.0//EN" "http://mybatis.org/dtd/mybatis-3-mapper.dtd">
<mapper namespace="com.chinatechstar.crm.dao.CrmGradeTemplateDetailDao">

    <resultMap type="com.chinatechstar.crm.entity.CrmGradeTemplateDetail" id="CrmGradeTemplateDetailMap">
        <result property="id" column="id" jdbcType="VARCHAR"/>
        <result property="grade" column="grade" jdbcType="VARCHAR"/>
        <result property="gradeName" column="grade_name" jdbcType="VARCHAR"/>
        <result property="gradeImage" column="grade_image" jdbcType="VARCHAR"/>
        <result property="rulesUpState" column="rules_up_state" jdbcType="VARCHAR"/>
        <result property="rulesDownState" column="rules_down_state" jdbcType="VARCHAR"/>
        <result property="rulesUpId" column="rules_up_id" jdbcType="VARCHAR"/>
        <result property="rulesDownId" column="rules_down_id" jdbcType="VARCHAR"/>
        <result property="rulesBenefitStatus" column="rules_benefit_status" jdbcType="VARCHAR"/>
        <result property="rulesBenefitId" column="rules_benefit_id" jdbcType="VARCHAR"/>
        <result property="bonus" column="bonus" jdbcType="VARCHAR"/>
        <result property="mchtId" column="mcht_id" jdbcType="VARCHAR"/>
        <result property="templateId" column="template_id" jdbcType="VARCHAR"/>
        <result property="status" column="status" jdbcType="VARCHAR"/>
    </resultMap>

    <!--查询单个-->
    <select id="queryById" resultMap="CrmGradeTemplateDetailMap">
        select id,
               grade,
               grade_name,
               grade_image,
               rules_up_state,
               rules_down_state,
               rules_up_id,
               rules_down_id,
               rules_benefit_status,
               rules_benefit_id,
               bonus,
               mcht_id,
               template_id,
               status
        from crm_grade_template_detail
        where id = #{id}
    </select>

    <!--查询指定行数据-->
    <select id="queryAllByPage" resultMap="CrmGradeTemplateDetailMap">
        select
        id, grade, grade_name, grade_image, rules_up_state, rules_down_state, rules_up_id, rules_down_id,
        rules_benefit_status, rules_benefit_id, bonus, mcht_id, template_id, status
        from crm_grade_template_detail
        where 1 = 1
        <if test="id != null and id != ''">
            and id = #{id}
        </if>
        <if test="grade != null and grade != ''">
            and grade = #{grade}
        </if>
        <if test="gradeName != null and gradeName != ''">
            and grade_name = #{gradeName}
        </if>
        <if test="gradeImage != null and gradeImage != ''">
            and grade_image = #{gradeImage}
        </if>
        <if test="rulesUpState != null and rulesUpState != ''">
            and rules_up_state = #{rulesUpState}
        </if>
        <if test="rulesDownState != null and rulesDownState != ''">
            and rules_down_state = #{rulesDownState}
        </if>
        <if test="rulesUpId != null and rulesUpId != ''">
            and rules_up_id = #{rulesUpId}
        </if>
        <if test="rulesDownId != null and rulesDownId != ''">
            and rules_down_id = #{rulesDownId}
        </if>
        <if test="rulesBenefitStatus != null and rulesBenefitStatus != ''">
            and rules_benefit_status = #{rulesBenefitStatus}
        </if>
        <if test="rulesBenefitId != null and rulesBenefitId != ''">
            and rules_benefit_id = #{rulesBenefitId}
        </if>
        <if test="bonus != null and bonus != ''">
            and bonus = #{bonus}
        </if>
        <if test="mchtId != null and mchtId != ''">
            and mcht_id = #{mchtId}
        </if>
        <if test="templateId != null and templateId != ''">
            and template_id = #{templateId}
        </if>

    </select>

    <!--统计总行数-->
    <select id="count" resultType="java.lang.Long">
        select count(1)
        from crm_grade_template_detail
        where 1 = 1
        <if test="id != null and id != ''">
            and id = #{id}
        </if>
        <if test="grade != null and grade != ''">
            and grade = #{grade}
        </if>
        <if test="gradeName != null and gradeName != ''">
            and grade_name = #{gradeName}
        </if>
        <if test="gradeImage != null and gradeImage != ''">
            and grade_image = #{gradeImage}
        </if>
        <if test="rulesUpState != null and rulesUpState != ''">
            and rules_up_state = #{rulesUpState}
        </if>
        <if test="rulesDownState != null and rulesDownState != ''">
            and rules_down_state = #{rulesDownState}
        </if>
        <if test="rulesUpId != null and rulesUpId != ''">
            and rules_up_id = #{rulesUpId}
        </if>
        <if test="rulesDownId != null and rulesDownId != ''">
            and rules_down_id = #{rulesDownId}
        </if>
        <if test="rulesBenefitStatus != null and rulesBenefitStatus != ''">
            and rules_benefit_status = #{rulesBenefitStatus}
        </if>
        <if test="rulesBenefitId != null and rulesBenefitId != ''">
            and rules_benefit_id = #{rulesBenefitId}
        </if>
        <if test="bonus != null and bonus != ''">
            and bonus = #{bonus}
        </if>
        <if test="mchtId != null and mchtId != ''">
            and mcht_id = #{mchtId}
        </if>
        <if test="templateId != null and templateId != ''">
            and template_id = #{templateId}
        </if>

    </select>

    <!--新增所有列-->
    <insert id="insert" keyProperty="id" useGeneratedKeys="true">
        insert into crm_grade_template_detail(id, grade, grade_name, grade_image, rules_up_state, rules_down_state,
                                              rules_up_id, rules_down_id, rules_benefit_status, rules_benefit_id, bonus,
                                              mcht_id, template_id, status)
        values (#{id}, #{grade}, #{gradeName}, #{gradeImage}, #{rulesUpState}, #{rulesDownState}, #{rulesUpId},
                #{rulesDownId}, #{rulesBenefitStatus}, #{rulesBenefitId}, #{bonus}, #{mchtId}, #{templateId}, #{status})
    </insert>

    <insert id="insertBatch" keyProperty="id" useGeneratedKeys="true">
        insert into crm_grade_template_detail(id, grade, grade_name, grade_image, rules_up_state, rules_down_state,
        rules_up_id, rules_down_id, rules_benefit_status, rules_benefit_id, bonus, mcht_id, template_id, status)
        values
        <foreach collection="entities" item="entity" separator=",">
            (#{entity.id}, #{entity.grade}, #{entity.gradeName}, #{entity.gradeImage}, #{entity.rulesUpState},
            #{entity.rulesDownState}, #{entity.rulesUpId}, #{entity.rulesDownId}, #{entity.rulesBenefitStatus},
            #{entity.rulesBenefitId}, #{entity.bonus}, #{entity.mchtId}, #{entity.templateId}, #{entity.status})
        </foreach>
    </insert>

    <insert id="insertOrUpdateBatch" keyProperty="id" useGeneratedKeys="true">
        insert into crm_grade_template_detail(id, grade, grade_name, grade_image, rules_up_state, rules_down_state,
        rules_up_id, rules_down_id, rules_benefit_status, rules_benefit_id, bonus, mcht_id, template_id, status)
        values
        <foreach collection="entities" item="entity" separator=",">
            (#{entity.id}, #{entity.grade}, #{entity.gradeName}, #{entity.gradeImage}, #{entity.rulesUpState},
            #{entity.rulesDownState}, #{entity.rulesUpId}, #{entity.rulesDownId}, #{entity.rulesBenefitStatus},
            #{entity.rulesBenefitId}, #{entity.bonus}, #{entity.mchtId}, #{entity.templateId}, #{entity.status})
        </foreach>
        on duplicate key update
        id = values(id),
        grade = values(grade),
        grade_name = values(grade_name),
        grade_image = values(grade_image),
        rules_up_state = values(rules_up_state),
        rules_down_state = values(rules_down_state),
        rules_up_id = values(rules_up_id),
        rules_down_id = values(rules_down_id),
        rules_benefit_status = values(rules_benefit_status),
        rules_benefit_id = values(rules_benefit_id),
        bonus = values(bonus),
        mcht_id = values(mcht_id),
        template_id = values(template_id),
        status = values(status)
    </insert>

    <!--通过主键修改数据-->
    <update id="update">
        update crm_grade_template_detail
        <set>
            <if test="grade != null and grade != ''">
                grade = #{grade},
            </if>
            <if test="gradeName != null and gradeName != ''">
                grade_name = #{gradeName},
            </if>
            <if test="gradeImage != null and gradeImage != ''">
                grade_image = #{gradeImage},
            </if>
            <if test="rulesUpState != null and rulesUpState != ''">
                rules_up_state = #{rulesUpState},
            </if>
            <if test="rulesDownState != null and rulesDownState != ''">
                rules_down_state = #{rulesDownState},
            </if>
            <if test="rulesUpId != null and rulesUpId != ''">
                rules_up_id = #{rulesUpId},
            </if>
            <if test="rulesDownId != null and rulesDownId != ''">
                rules_down_id = #{rulesDownId},
            </if>
            <if test="rulesBenefitStatus != null and rulesBenefitStatus != ''">
                rules_benefit_status = #{rulesBenefitStatus},
            </if>
            <if test="rulesBenefitId != null and rulesBenefitId != ''">
                rules_benefit_id = #{rulesBenefitId},
            </if>
            <if test="bonus != null and bonus != ''">
                bonus = #{bonus},
            </if>
            <if test="mchtId != null and mchtId != ''">
                mcht_id = #{mchtId},
            </if>
            <if test="templateId != null and templateId != ''">
                template_id = #{templateId},
            </if>
            <if test="templateId != null and templateId != ''">
                template_id = #{templateId},
            </if>
        </set>
        where id = #{id}
    </update>

    <!--通过主键删除-->
    <delete id="deleteById">
        delete
        from crm_grade_template_detail
        where id = #{id}
    </delete>

</mapper>

