<?xml version="1.0" encoding="UTF-8"?>
<!DOCTYPE mapper PUBLIC "-//mybatis.org//DTD Mapper 3.0//EN" "http://mybatis.org/dtd/mybatis-3-mapper.dtd">
<mapper namespace="com.chinatechstar.crm.dao.CrmGradeTemplateDao">

    <resultMap type="com.chinatechstar.crm.entity.CrmGradeTemplate" id="CrmGradeTemplateMap">
        <result property="id" column="id" jdbcType="VARCHAR"/>
        <result property="templateName" column="template_name" jdbcType="VARCHAR"/>
        <result property="srcChannel" column="src_channel" jdbcType="VARCHAR"/>
        <result property="status" column="status" jdbcType="VARCHAR"/>
        <result property="templateType" column="template_type" jdbcType="VARCHAR"/>
        <result property="mchtId" column="mcht_id" jdbcType="VARCHAR"/>
        <result property="templateContent" column="template_content" jdbcType="VARCHAR"/>
    </resultMap>

    <!--查询单个-->
    <select id="queryById" resultMap="CrmGradeTemplateMap">
        select id,
               template_name,
               src_channel,
               status,
               template_type,
               mcht_id,
               template_content
        from crm_grade_template
        where id = #{id}
    </select>

    <!--查询指定行数据-->
    <select id="queryAllByPage" resultMap="CrmGradeTemplateMap">
        select
        id, template_name, src_channel, status, template_type, mcht_id, template_content
        from crm_grade_template
        where 1 = 1
        <if test="templateName != null and templateName != ''">
            and template_name = #{templateName}
        </if>
        <if test="templateType != null and templateType != ''">
            and template_type = #{templateType}
        </if>
        <if test="mchtId != null and mchtId != ''">
            and mcht_id = #{mchtId}
        </if>

    </select>

    <!--统计总行数-->
    <select id="count" resultType="java.lang.Long">
        select count(1)
        from crm_grade_template
        where 1 = 1
        <if test="id != null and id != ''">
            and id = #{id}
        </if>
        <if test="templateName != null and templateName != ''">
            and template_name = #{templateName}
        </if>
        <if test="srcChannel != null and srcChannel != ''">
            and src_channel = #{srcChannel}
        </if>
        <if test="status != null and status != ''">
            and status = #{status}
        </if>
        <if test="templateType != null and templateType != ''">
            and template_type = #{templateType}
        </if>
        <if test="mchtId != null and mchtId != ''">
            and mcht_id = #{mchtId}
        </if>
        <if test="templateContent != null and templateContent != ''">
            and template_content = #{templateContent}
        </if>

    </select>

    <!--新增所有列-->
    <insert id="insert" keyProperty="id" useGeneratedKeys="true">
        insert into crm_grade_template(id, template_name, src_channel, status, template_type, mcht_id, template_content)
        values (#{id}, #{templateName}, #{srcChannel}, #{status}, #{templateType}, #{mchtId}, #{templateContent})
    </insert>

    <insert id="insertBatch" keyProperty="id" useGeneratedKeys="true">
        insert into crm_grade_template(id, template_name, src_channel, status, template_type, mcht_id, template_content)
        values
        <foreach collection="entities" item="entity" separator=",">
            (#{entity.id}, #{entity.templateName}, #{entity.srcChannel}, #{entity.status}, #{entity.templateType},
            #{entity.mchtId}, #{entity.templateContent})
        </foreach>
    </insert>

    <insert id="insertOrUpdateBatch" keyProperty="id" useGeneratedKeys="true">
        insert into crm_grade_template(id, template_name, src_channel, status, template_type, mcht_id, template_content)
        values
        <foreach collection="entities" item="entity" separator=",">
            (#{entity.id}, #{entity.templateName}, #{entity.srcChannel}, #{entity.status}, #{entity.templateType},
            #{entity.mchtId}, #{entity.templateContent})
        </foreach>
        on duplicate key update
        id = values(id),
        template_name = values(template_name),
        src_channel = values(src_channel),
        status = values(status),
        template_type = values(template_type),
        mcht_id = values(mcht_id),
        template_content = values(template_content)
    </insert>

    <!--通过主键修改数据-->
    <update id="update">
        update crm_grade_template
        <set>
            <if test="templateName != null and templateName != ''">
                template_name = #{templateName},
            </if>
            <if test="srcChannel != null and srcChannel != ''">
                src_channel = #{srcChannel},
            </if>
            <if test="status != null and status != ''">
                status = #{status},
            </if>
            <if test="templateType != null and templateType != ''">
                template_type = #{templateType},
            </if>
            <if test="mchtId != null and mchtId != ''">
                mcht_id = #{mchtId},
            </if>
            <if test="templateContent != null and templateContent != ''">
                template_content = #{templateContent},
            </if>
        </set>
        where id = #{id}
    </update>

    <!--通过主键删除-->
    <delete id="deleteById">
        delete
        from crm_grade_template
        where id = #{id}
    </delete>
    <!--查询生效的模板-->
    <select id="queryByType" resultType="java.lang.Long">
        select id
        from crm_grade_template
        where status = '1'
        and template_type = #{templateType}
        and mcht_id = #{mchtId}
    </select>
</mapper>

