<?xml version="1.0" encoding="UTF-8"?>
<!DOCTYPE mapper PUBLIC "-//mybatis.org//DTD Mapper 3.0//EN" "http://mybatis.org/dtd/mybatis-3-mapper.dtd">
<mapper namespace="com.chinatechstar.crm.dao.CrmInvestmentDao">

    <resultMap type="com.chinatechstar.crm.entity.CrmInvestment" id="CrmInvestmentMap">
        <result property="id" column="id" jdbcType="INTEGER"/>
        <result property="investType" column="invest_type" jdbcType="VARCHAR"/>
        <result property="name" column="name" jdbcType="VARCHAR"/>
        <result property="mobile" column="mobile" jdbcType="VARCHAR"/>
        <result property="vipGrade" column="vip_grade" jdbcType="INTEGER"/>
        <result property="status" column="status" jdbcType="VARCHAR"/>
        <result property="remark" column="remark" jdbcType="VARCHAR"/>
        <result property="mchtId" column="mcht_id" jdbcType="INTEGER"/>
        <result property="sex" column="sex" jdbcType="VARCHAR"/>
    </resultMap>

    <!--查询单个-->
    <select id="queryById" resultMap="CrmInvestmentMap">
        select id,
               invest_type,
               name,
               mobile,
               vip_grade,
               status,
               remark,
               mcht_id,
               sex
        from crm_investment
        where id = #{id}
    </select>

    <!--查询指定行数据-->
    <select id="queryAllByPage" resultMap="CrmInvestmentMap">
        select
        id, invest_type, name, mobile, vip_grade, status, remark, mcht_id, sex
        from crm_investment
        where 1 = 1
        <if test="id != null">
            and id = #{id}
        </if>
        <if test="investType != null and investType != ''">
            and invest_type = #{investType}
        </if>
        <if test="name != null and name != ''">
            and name = #{name}
        </if>
        <if test="mobile != null and mobile != ''">
            and mobile = #{mobile}
        </if>
        <if test="vipGrade != null">
            and vip_grade = #{vipGrade}
        </if>
        <if test="status != null and status != ''">
            and status = #{status}
        </if>
        <if test="remark != null and remark != ''">
            and remark = #{remark}
        </if>
        <if test="mchtId != null">
            and mcht_id = #{mchtId}
        </if>
        <if test="sex != null and sex != ''">
            and sex = #{sex}
        </if>

    </select>

    <!--统计总行数-->
    <select id="count" resultType="java.lang.Long">
        select count(1)
        from crm_investment
        where 1 = 1
        <if test="id != null">
            and id = #{id}
        </if>
        <if test="investType != null and investType != ''">
            and invest_type = #{investType}
        </if>
        <if test="name != null and name != ''">
            and name = #{name}
        </if>
        <if test="mobile != null and mobile != ''">
            and mobile = #{mobile}
        </if>
        <if test="vipGrade != null">
            and vip_grade = #{vipGrade}
        </if>
        <if test="status != null and status != ''">
            and status = #{status}
        </if>
        <if test="remark != null and remark != ''">
            and remark = #{remark}
        </if>
        <if test="mchtId != null">
            and mcht_id = #{mchtId}
        </if>
        <if test="sex != null and sex != ''">
            and sex = #{sex}
        </if>

    </select>

    <!--新增所有列-->
    <insert id="insert" keyProperty="id" useGeneratedKeys="true">
        insert into crm_investment(id, invest_type, name, mobile, vip_grade, status, remark, mcht_id, sex)
        values (#{id}, #{investType}, #{name}, #{mobile}, #{vipGrade}, #{status}, #{remark}, #{mchtId}, #{sex})
    </insert>

    <insert id="insertBatch" keyProperty="id" useGeneratedKeys="true">
        insert into crm_investment(id, invest_type, name, mobile, vip_grade, status, remark, mcht_id, sex)
        values
        <foreach collection="entities" item="entity" separator=",">
            (#{entity.id}, #{entity.investType}, #{entity.name}, #{entity.mobile}, #{entity.vipGrade}, #{entity.status},
            #{entity.remark}, #{entity.mchtId}, #{entity.sex})
        </foreach>
    </insert>

    <insert id="insertOrUpdateBatch" keyProperty="id" useGeneratedKeys="true">
        insert into crm_investment(id, invest_type, name, mobile, vip_grade, status, remark, mcht_id, sex)
        values
        <foreach collection="entities" item="entity" separator=",">
            (#{entity.id}, #{entity.investType}, #{entity.name}, #{entity.mobile}, #{entity.vipGrade}, #{entity.status},
            #{entity.remark}, #{entity.mchtId}, #{entity.sex})
        </foreach>
        on duplicate key update
        id = values(id),
        invest_type = values(invest_type),
        name = values(name),
        mobile = values(mobile),
        vip_grade = values(vip_grade),
        status = values(status),
        remark = values(remark),
        mcht_id = values(mcht_id),
        sex = values(sex)
    </insert>

    <!--通过主键修改数据-->
    <update id="update">
        update crm_investment
        <set>
            <if test="investType != null and investType != ''">
                invest_type = #{investType},
            </if>
            <if test="name != null and name != ''">
                name = #{name},
            </if>
            <if test="mobile != null and mobile != ''">
                mobile = #{mobile},
            </if>
            <if test="vipGrade != null">
                vip_grade = #{vipGrade},
            </if>
            <if test="status != null and status != ''">
                status = #{status},
            </if>
            <if test="remark != null and remark != ''">
                remark = #{remark},
            </if>
            <if test="mchtId != null">
                mcht_id = #{mchtId},
            </if>
            <if test="sex != null and sex != ''">
                sex = #{sex},
            </if>
        </set>
        where id = #{id}
    </update>

    <!--通过主键删除-->
    <delete id="deleteById">
        delete
        from crm_investment
        where id = #{id}
    </delete>

</mapper>

