<?xml version="1.0" encoding="UTF-8"?>
<!DOCTYPE mapper PUBLIC "-//mybatis.org//DTD Mapper 3.0//EN" "http://mybatis.org/dtd/mybatis-3-mapper.dtd">
<mapper namespace="com.chinatechstar.crm.dao.CrmJoinDao">

    <resultMap type="com.chinatechstar.crm.entity.CrmJoin" id="CrmJoinMap">
        <result property="id" column="id" jdbcType="VARCHAR"/>
        <result property="name" column="name" jdbcType="VARCHAR"/>
        <result property="mobile" column="mobile" jdbcType="VARCHAR"/>
        <result property="coopType" column="coop_type" jdbcType="VARCHAR"/>
        <result property="sex" column="sex" jdbcType="VARCHAR"/>
        <result property="grade" column="grade" jdbcType="VARCHAR"/>
        <result property="status" column="status" jdbcType="VARCHAR"/>
        <result property="remark" column="remark" jdbcType="VARCHAR"/>
        <result property="mchtId" column="mcht_id" jdbcType="VARCHAR"/>
    </resultMap>

    <!--查询单个-->
    <select id="queryById" resultMap="CrmJoinMap">
        select id,
               name,
               mobile,
               coop_type,
               sex,
               grade,
               status,
               remark,
               mcht_id
        from crm_join
        where id = #{id}
    </select>

    <!--查询指定行数据-->
    <select id="queryAllByPage" resultMap="CrmJoinMap">
        select
        id, name, mobile, coop_type, sex, grade, status, remark, mcht_id
        from crm_join
        where 1 = 1
        <if test="id != null and id != ''">
            and id = #{id}
        </if>
        <if test="name != null and name != ''">
            and name = #{name}
        </if>
        <if test="mobile != null and mobile != ''">
            and mobile = #{mobile}
        </if>
        <if test="coopType != null and coopType != ''">
            and coop_type = #{coopType}
        </if>
        <if test="sex != null and sex != ''">
            and sex = #{sex}
        </if>
        <if test="grade != null and grade != ''">
            and grade = #{grade}
        </if>
        <if test="status != null and status != ''">
            and status = #{status}
        </if>
        <if test="remark != null and remark != ''">
            and remark = #{remark}
        </if>
        <if test="mchtId != null and mchtId != ''">
            and mcht_id = #{mchtId}
        </if>

    </select>

    <!--统计总行数-->
    <select id="count" resultType="java.lang.Long">
        select count(1)
        from crm_join
        where 1 = 1
        <if test="id != null and id != ''">
            and id = #{id}
        </if>
        <if test="name != null and name != ''">
            and name = #{name}
        </if>
        <if test="mobile != null and mobile != ''">
            and mobile = #{mobile}
        </if>
        <if test="coopType != null and coopType != ''">
            and coop_type = #{coopType}
        </if>
        <if test="sex != null and sex != ''">
            and sex = #{sex}
        </if>
        <if test="grade != null and grade != ''">
            and grade = #{grade}
        </if>
        <if test="status != null and status != ''">
            and status = #{status}
        </if>
        <if test="remark != null and remark != ''">
            and remark = #{remark}
        </if>
        <if test="mchtId != null and mchtId != ''">
            and mcht_id = #{mchtId}
        </if>

    </select>

    <!--新增所有列-->
    <insert id="insert" keyProperty="id" useGeneratedKeys="true">
        insert into crm_join(id, name, mobile, coop_type, sex, grade, status, remark, mcht_id)
        values (#{id}, #{name}, #{mobile}, #{coopType}, #{sex}, #{grade}, #{status}, #{remark}, #{mchtId})
    </insert>

    <insert id="insertBatch" keyProperty="id" useGeneratedKeys="true">
        insert into crm_join(id, name, mobile, coop_type, sex, grade, status, remark, mcht_id)
        values
        <foreach collection="entities" item="entity" separator=",">
            (#{entity.id}, #{entity.name}, #{entity.mobile}, #{entity.coopType}, #{entity.sex}, #{entity.grade},
            #{entity.status}, #{entity.remark}, #{entity.mchtId})
        </foreach>
    </insert>

    <insert id="insertOrUpdateBatch" keyProperty="id" useGeneratedKeys="true">
        insert into crm_join(id, name, mobile, coop_type, sex, grade, status, remark, mcht_id)
        values
        <foreach collection="entities" item="entity" separator=",">
            (#{entity.id}, #{entity.name}, #{entity.mobile}, #{entity.coopType}, #{entity.sex}, #{entity.grade},
            #{entity.status}, #{entity.remark}, #{entity.mchtId})
        </foreach>
        on duplicate key update
        id = values(id),
        name = values(name),
        mobile = values(mobile),
        coop_type = values(coop_type),
        sex = values(sex),
        grade = values(grade),
        status = values(status),
        remark = values(remark),
        mcht_id = values(mcht_id)
    </insert>

    <!--通过主键修改数据-->
    <update id="update">
        update crm_join
        <set>
            <if test="name != null and name != ''">
                name = #{name},
            </if>
            <if test="mobile != null and mobile != ''">
                mobile = #{mobile},
            </if>
            <if test="coopType != null and coopType != ''">
                coop_type = #{coopType},
            </if>
            <if test="sex != null and sex != ''">
                sex = #{sex},
            </if>
            <if test="grade != null and grade != ''">
                grade = #{grade},
            </if>
            <if test="status != null and status != ''">
                status = #{status},
            </if>
            <if test="remark != null and remark != ''">
                remark = #{remark},
            </if>
            <if test="mchtId != null and mchtId != ''">
                mcht_id = #{mchtId},
            </if>
        </set>
        where id = #{id}
    </update>

    <!--通过主键删除-->
    <delete id="deleteById">
        delete
        from crm_join
        where id = #{id}
    </delete>

</mapper>

