<?xml version="1.0" encoding="UTF-8"?>
<!DOCTYPE mapper PUBLIC "-//mybatis.org//DTD Mapper 3.0//EN" "http://mybatis.org/dtd/mybatis-3-mapper.dtd">
<mapper namespace="com.chinatechstar.crm.dao.CrmMchtDataDao">

    <resultMap type="com.chinatechstar.crm.entity.CrmMchtData" id="CrmMchtDataMap">
        <result property="dataId" column="data_id" jdbcType="VARCHAR"/>
        <result property="mchtId" column="mcht_id" jdbcType="VARCHAR"/>
        <result property="dataName" column="data_name" jdbcType="VARCHAR"/>
        <result property="dataContent" column="data_content" jdbcType="VARCHAR"/>
        <result property="dataPosition" column="data_position" jdbcType="VARCHAR"/>
        <result property="dataPort" column="data_port" jdbcType="INTEGER"/>
        <result property="createTime" column="create_time" jdbcType="TIMESTAMP"/>
        <result property="createUser" column="create_user" jdbcType="VARCHAR"/>
        <result property="updateTime" column="update_time" jdbcType="TIMESTAMP"/>
        <result property="updateUser" column="update_user" jdbcType="VARCHAR"/>
        <result property="dataStatus" column="data_status" jdbcType="VARCHAR"/>
    </resultMap>

    <!--查询单个-->
    <select id="queryById" resultMap="CrmMchtDataMap">
        select data_id,mcht_id,data_name,data_content,data_position,data_port,create_time,create_user,update_time,update_user,data_status
        from crm_mcht_data
        where data_id = #{dataId}
    </select>

    <!--查询指定行数据-->
    <select id="queryByPage" resultMap="CrmMchtDataMap" parameterType="com.chinatechstar.crm.vo.CrmMchtDataVO">
        select
        data_id,mcht_id,data_name,data_content,data_position,data_port,create_time,create_user,update_time,update_user,data_status
        from crm_mcht_data
        <where>
            <if test="mchtId != null and mchtId != ''">
                and mcht_id = #{mchtId}
            </if>
            <if test="dataName != null and dataName != ''">
                and data_name = #{dataName}
            </if>
            <if test="dataStatus != null and dataStatus != ''">
                and data_status = #{dataStatus}
            </if>
        </where>
    </select>

    <!--统计总行数-->
    <select id="count" resultType="java.lang.Long">
        select count(1)
        from crm_mcht_data
        <where>
            <if test="mchtId != null and mchtId != ''">
                and mcht_id = #{mchtId}
            </if>
            <if test="dataName != null and dataName != ''">
                and data_name = #{dataName}
            </if>
            <if test="dataContent != null and dataContent != ''">
                and data_content = #{dataContent}
            </if>
            <if test="dataPosition != null and dataPosition != ''">
                and data_position = #{dataPosition}
            </if>
            <if test="dataPort != null">
                and data_port = #{dataPort}
            </if>
            <if test="createTime != null">
                and create_time = #{createTime}
            </if>
            <if test="createUser != null and createUser != ''">
                and create_user = #{createUser}
            </if>
            <if test="updateTime != null">
                and update_time = #{updateTime}
            </if>
            <if test="updateUser != null and updateUser != ''">
                and update_user = #{updateUser}
            </if>
            <if test="dataStatus != null and dataStatus != ''">
                and data_status = #{dataStatus}
            </if>
        </where>
    </select>

    <!--新增所有列-->
    <insert id="insert" keyProperty="dataId" useGeneratedKeys="true">
        insert into crm_mcht_data(data_id,mcht_id,data_name,data_content,data_position,data_port,create_time,create_user,update_time,update_user,data_status)
        values (#{dataId},#{mchtId},#{dataName},#{dataContent},#{dataPosition},#{dataPort},#{createTime},#{createUser},#{updateTime},#{updateUser},#{dataStatus})
    </insert>

    <insert id="insertBatch" keyProperty="dataId" useGeneratedKeys="true">
        insert into
        crm_mcht_data(data_id,mcht_id,data_name,data_content,data_position,data_port,create_time,create_user,update_time,update_user,data_status)
        values
        <foreach collection="entities" item="entity" separator=",">
            (#{entity.dataId},#{entity.mchtId},#{entity.dataName},#{entity.dataContent},#{entity.dataPosition},#{entity.dataPort},#{entity.createTime},#{entity.createUser},#{entity.updateTime},#{entity.updateUser},#{entity.dataStatus})
        </foreach>
    </insert>

    <insert id="insertOrUpdateBatch" keyProperty="dataId" useGeneratedKeys="true">
        insert into
        crm_mcht_data(data_id,mcht_id,data_name,data_content,data_position,data_port,create_time,create_user,update_time,update_user,data_status)
        values
        <foreach collection="entities" item="entity" separator=",">
            (#{entity.dataId},#{entity.mchtId},#{entity.dataName},#{entity.dataContent},#{entity.dataPosition},#{entity.dataPort},#{entity.createTime},#{entity.createUser},#{entity.updateTime},#{entity.updateUser},#{entity.dataStatus})
        </foreach>
        on duplicate key update
        mcht_id = values(mcht_id),
        data_name = values(data_name),
        data_content = values(data_content),
        data_position = values(data_position),
        data_port = values(data_port),
        create_time = values(create_time),
        create_user = values(create_user),
        update_time = values(update_time),
        update_user = values(update_user),
        data_status = values(data_status)
    </insert>

    <!--通过主键修改数据-->
    <update id="update">
        update crm_mcht_data
        <set>
            <if test="mchtId != null and mchtId != ''">
                mcht_id = #{mchtId},
            </if>
            <if test="dataName != null and dataName != ''">
                data_name = #{dataName},
            </if>
            <if test="dataContent != null and dataContent != ''">
                data_content = #{dataContent},
            </if>
            <if test="dataPosition != null and dataPosition != ''">
                data_position = #{dataPosition},
            </if>
            <if test="dataPort != null">
                data_port = #{dataPort},
            </if>
            <if test="createTime != null">
                create_time = #{createTime},
            </if>
            <if test="createUser != null and createUser != ''">
                create_user = #{createUser},
            </if>
            <if test="updateTime != null">
                update_time = #{updateTime},
            </if>
            <if test="updateUser != null and updateUser != ''">
                update_user = #{updateUser},
            </if>
            <if test="dataStatus != null and dataStatus != ''">
                data_status = #{dataStatus},
            </if>
        </set>
        where data_id = #{dataId}
    </update>

    <!--通过主键删除-->
    <delete id="deleteById">
        delete
        from crm_mcht_data
        where data_id = #{dataId}
    </delete>

</mapper>

