<?xml version="1.0" encoding="UTF-8"?>
<!DOCTYPE mapper PUBLIC "-//mybatis.org//DTD Mapper 3.0//EN" "http://mybatis.org/dtd/mybatis-3-mapper.dtd">
<mapper namespace="com.chinatechstar.crm.dao.CrmPropertyCustomedDao">

    <resultMap type="com.chinatechstar.crm.entity.CrmPropertyCustomed" id="CrmPropertyCustomedMap">
        <result property="id" column="id" jdbcType="VARCHAR"/>
        <result property="propType" column="prop_type" jdbcType="VARCHAR"/>
        <result property="propName" column="prop_name" jdbcType="VARCHAR"/>
        <result property="dataType" column="data_type" jdbcType="VARCHAR"/>
        <result property="dataCollection" column="data_collection" jdbcType="VARCHAR"/>
        <result property="isNull" column="is_null" jdbcType="VARCHAR"/>
        <result property="orderId" column="order_id" jdbcType="VARCHAR"/>
        <result property="createTime" column="create_time" jdbcType="TIMESTAMP"/>
        <result property="createUser" column="create_user" jdbcType="VARCHAR"/>
        <result property="updateTime" column="update_time" jdbcType="TIMESTAMP"/>
        <result property="updateUser" column="update_user" jdbcType="VARCHAR"/>
        <result property="mchtId" column="mcht_id" jdbcType="INTEGER"/>
    </resultMap>

    <!--查询单个-->
    <select id="queryById" resultMap="CrmPropertyCustomedMap">
        select id,prop_type,prop_name,data_type,data_collection,is_null,order_id,create_time,create_user,update_time,update_user,mcht_id
        from crm_property_customed
        where id = #{id}
    </select>

    <!--查询指定行数据-->
    <select id="queryByPage" resultMap="CrmPropertyCustomedMap" parameterType="com.chinatechstar.crm.vo.CrmPropertyCustomedVO">
        select
        id,prop_type,prop_name,data_type,data_collection,is_null,order_id,create_time,create_user,update_time,update_user,mcht_id
        from crm_property_customed
        <where>
            <if test="mchtId != null and mchtId != ''">
                and mcht_id = #{mchtId}
            </if>
            <if test="propName != null and propName != ''">
                and prop_name = #{propName}
            </if>
        </where>
        order by cast(order_id as UNSIGNED INTEGER)
    </select>

    <!--统计总行数-->
    <select id="count" resultType="java.lang.Long">
        select count(1)
        from crm_property_customed
        <where>
            <if test="id != null and id != ''">
                and id = #{id}
            </if>
            <if test="propType != null and propType != ''">
                and prop_type = #{propType}
            </if>
            <if test="propName != null and propName != ''">
                and prop_name = #{propName}
            </if>
            <if test="dataType != null and dataType != ''">
                and data_type = #{dataType}
            </if>
            <if test="dataCollection != null and dataCollection != ''">
                and data_collection = #{dataCollection}
            </if>
            <if test="isNull != null and isNull != ''">
                and is_null = #{isNull}
            </if>
            <if test="orderId != null and orderId != ''">
                and order_id = #{orderId}
            </if>
            <if test="createTime != null">
                and create_time = #{createTime}
            </if>
            <if test="createUser != null and createUser != ''">
                and create_user = #{createUser}
            </if>
            <if test="updateTime != null">
                and update_time = #{updateTime}
            </if>
            <if test="updateUser != null and updateUser != ''">
                and update_user = #{updateUser}
            </if>
            <if test="mchtId != null and mchtId != ''">
                and mcht_id = #{mchtId}
            </if>
        </where>
    </select>

    <!--新增所有列-->
    <insert id="insert" keyProperty="id" useGeneratedKeys="true">
        insert into crm_property_customed(id,prop_type,prop_name,data_type,data_collection,is_null,order_id,create_time,create_user,update_time,update_user,mcht_id)
        values (#{id},#{propType},#{propName},#{dataType},#{dataCollection},#{isNull},#{orderId},#{createTime},#{createUser},#{updateTime},#{updateUser},#{mchtId})
    </insert>

    <insert id="insertBatch" keyProperty="id" useGeneratedKeys="true">
        insert into
        crm_property_customed(id,prop_type,prop_name,data_type,data_collection,is_null,order_id,create_time,create_user,update_time,update_user,mcht_id)        values
        <foreach collection="entities" item="entity" separator=",">
            (#{entity.id},#{entity.propType},#{entity.propName},#{entity.dataType},#{entity.dataCollection},#{entity.isNull},#{entity.orderId},#{entity.createTime},#{entity.createUser},#{entity.updateTime},#{entity.updateUser},#{entity.mchtId})
        </foreach>
    </insert>

    <insert id="insertOrUpdateBatch" keyProperty="id" useGeneratedKeys="true">
        insert into
        crm_property_customed(id,prop_type,prop_name,data_type,data_collection,is_null,order_id,create_time,create_user,update_time,update_user,mcht_id)
        values
        <foreach collection="entities" item="entity" separator=",">
            (#{entity.propType},#{entity.propName},#{entity.dataType},#{entity.dataCollection},#{entity.isNull},#{entity.orderId},
             #{entity.createTime},#{entity.createUser},#{entity.updateTime},#{entity.updateUser},#{entity.mchtId})
        </foreach>
        on duplicate key update
        prop_type = values(prop_type),prop_name = values(prop_name),data_type = values(data_type),data_collection =
        values(data_collection),is_null = values(is_null),order_id = values(order_id),create_time =
        values(create_time),create_user = values(create_user),update_time = values(update_time),update_user =
        values(update_user),mcht_id = values(mcht_id)
    </insert>

    <!--通过主键修改数据-->
    <update id="update">
        update crm_property_customed
        <set>
            <if test="propType != null and propType != ''">
                prop_type = #{propType},
            </if>
            <if test="propName != null and propName != ''">
                prop_name = #{propName},
            </if>
            <if test="dataType != null and dataType != ''">
                data_type = #{dataType},
            </if>
            <if test="dataCollection != null and dataCollection != ''">
                data_collection = #{dataCollection},
            </if>
            <if test="isNull != null and isNull != ''">
                is_null = #{isNull},
            </if>
            <if test="orderId != null and orderId != ''">
                order_id = #{orderId},
            </if>
            <if test="updateTime != null">
                update_time = #{updateTime},
            </if>
            <if test="updateUser != null and updateUser != ''">
                update_user = #{updateUser}
            </if>
        </set>
        where id = #{id}
    </update>

    <!--通过主键删除-->
    <delete id="deleteById">
        delete
        from crm_property_customed
        where id in
        <foreach item="id" collection="array" open="(" separator="," close=")">
            #{id,jdbcType=BIGINT}
        </foreach>
    </delete>

</mapper>

