<?xml version="1.0" encoding="UTF-8"?>
<!DOCTYPE mapper PUBLIC "-//mybatis.org//DTD Mapper 3.0//EN" "http://mybatis.org/dtd/mybatis-3-mapper.dtd">
<mapper namespace="com.chinatechstar.crm.dao.CrmPropertyCustomedValueDao">

    <resultMap type="com.chinatechstar.crm.entity.CrmPropertyCustomedValue" id="CrmPropertyCustomedValueMap">
        <result property="userId" column="user_id" jdbcType="INTEGER"/>
        <result property="propId" column="prop_id" jdbcType="INTEGER"/>
        <result property="propName" column="prop_name" jdbcType="VARCHAR"/>
        <result property="propValue" column="prop_value" jdbcType="VARCHAR"/>
    </resultMap>

    <!--查询单个-->
    <select id="queryById" resultMap="CrmPropertyCustomedValueMap">
        select user_id,
               prop_id,
               prop_name,
               prop_value
        from crm_property_customed_value
        where user_id = #{userId}
    </select>

    <!--查询指定行数据-->
    <select id="queryAllByPage" resultMap="CrmPropertyCustomedValueMap">
        select
        user_id, prop_id, prop_name, prop_value
        from crm_property_customed_value
        where 1 = 1
        <if test="userId != null">
            and user_id = #{userId}
        </if>
    </select>

    <!--统计总行数-->
    <select id="count" resultType="java.lang.Long">
        select count(1)
        from crm_property_customed_value
        where 1 = 1
        <if test="userId != null">
            and user_id = #{userId}
        </if>
        <if test="propId != null">
            and prop_id = #{propId}
        </if>
        <if test="propName != null and propName != ''">
            and prop_name = #{propName}
        </if>
        <if test="propValue != null and propValue != ''">
            and prop_value = #{propValue}
        </if>

    </select>

    <!--新增所有列-->
    <insert id="insert" keyProperty="" useGeneratedKeys="true">
        insert into crm_property_customed_value(user_id, prop_id, prop_name, prop_value)
        values (#{userId}, #{propId}, #{propName}, #{propValue})
    </insert>

    <insert id="insertBatch" keyProperty="" useGeneratedKeys="true">
        insert into crm_property_customed_value(user_id, prop_id, prop_name, prop_value)
        values
        <foreach collection="entities" item="entity" separator=",">
            (#{entity.userId}, #{entity.propId}, #{entity.propName}, #{entity.propValue})
        </foreach>
    </insert>

    <insert id="insertOrUpdateBatch" keyProperty="" useGeneratedKeys="true">
        insert into crm_property_customed_value(user_id, prop_id, prop_name, prop_value)
        values
        <foreach collection="entities" item="entity" separator=",">
            (#{entity.userId}, #{entity.propId}, #{entity.propName}, #{entity.propValue})
        </foreach>
        on duplicate key update
        prop_name = values(prop_name),
        prop_value = values(prop_value)
    </insert>

    <!--通过主键修改数据-->
    <update id="update">
        update crm_property_customed_value
        <set>
            <if test="userId != null">
                user_id = #{userId},
            </if>
            <if test="propId != null">
                prop_id = #{propId},
            </if>
            <if test="propName != null and propName != ''">
                prop_name = #{propName},
            </if>
            <if test="propValue != null and propValue != ''">
                prop_value = #{propValue},
            </if>
        </set>
        where = #{}
    </update>

    <!--通过主键删除-->
    <delete id="deleteById">
        delete
        from crm_property_customed_value
        where user_id = #{userId}
    </delete>

</mapper>

