<?xml version="1.0" encoding="UTF-8"?>
<!DOCTYPE mapper PUBLIC "-//mybatis.org//DTD Mapper 3.0//EN" "http://mybatis.org/dtd/mybatis-3-mapper.dtd">
<mapper namespace="com.chinatechstar.crm.dao.CrmPropertyVisiableDao">

    <resultMap type="com.chinatechstar.crm.entity.CrmPropertyVisiable" id="CrmPropertyVisiableMap">
        <result property="id" column="id" jdbcType="INTEGER"/>
        <result property="fieldName" column="field_name" jdbcType="VARCHAR"/>
        <result property="fieldDesc" column="field_desc" jdbcType="VARCHAR"/>
        <result property="fieldType" column="field_type" jdbcType="VARCHAR"/>
        <result property="fieldVisiable" column="field_visiable" jdbcType="VARCHAR"/>
        <result property="mchtId" column="mcht_id" jdbcType="INTEGER"/>
    </resultMap>

    <!--查询单个-->
    <select id="queryById" resultMap="CrmPropertyVisiableMap">
        select
id, field_name, field_desc, field_type, field_visiable, mcht_id
        from crm_property_visiable
        where id = #{id}
    </select>

    <!--查询指定行数据-->
    <select id="queryAllByPage" resultMap="CrmPropertyVisiableMap">
        select
id, field_name, field_desc, field_type, field_visiable, mcht_id
        from crm_property_visiable

        
    </select>

    <!--统计总行数-->
    <select id="count" resultType="java.lang.Long">
        select count(1)
        from crm_property_visiable
        where 1 = 1
            <if test="id != null">
                and id = #{id}
            </if>
            <if test="fieldName != null and fieldName != ''">
                and field_name = #{fieldName}
            </if>
            <if test="fieldDesc != null and fieldDesc != ''">
                and field_desc = #{fieldDesc}
            </if>
            <if test="fieldType != null and fieldType != ''">
                and field_type = #{fieldType}
            </if>
            <if test="fieldVisiable != null and fieldVisiable != ''">
                and field_visiable = #{fieldVisiable}
            </if>
            <if test="mchtId != null">
                and mcht_id = #{mchtId}
            </if>
        
    </select>

    <!--新增所有列-->
    <insert id="insert" keyProperty="id" useGeneratedKeys="true">
        insert into crm_property_visiable(id, field_name, field_desc, field_type, field_visiable, mcht_id)
        values (#{id}, #{fieldName}, #{fieldDesc}, #{fieldType}, #{fieldVisiable}, #{mchtId})
    </insert>

    <insert id="insertBatch" keyProperty="id" useGeneratedKeys="true">
        insert into crm_property_visiable(id, field_name, field_desc, field_type, field_visiable, mcht_id)
        values
        <foreach collection="entities" item="entity" separator=",">
        (#{entity.id}, #{entity.fieldName}, #{entity.fieldDesc}, #{entity.fieldType}, #{entity.fieldVisiable}, #{entity.mchtId})
        </foreach>
    </insert>

    <insert id="insertOrUpdateBatch" keyProperty="id" useGeneratedKeys="true">
        insert into crm_property_visiable(id, field_name, field_desc, field_type, field_visiable, mcht_id)
        values
        <foreach collection="entities" item="entity" separator=",">
            (#{entity.id}, #{entity.fieldName}, #{entity.fieldDesc}, #{entity.fieldType}, #{entity.fieldVisiable}, #{entity.mchtId})
        </foreach>
        on duplicate key update
id = values(id),
field_name = values(field_name),
field_desc = values(field_desc),
field_type = values(field_type),
field_visiable = values(field_visiable),
mcht_id = values(mcht_id)
    </insert>

    <!--通过主键修改数据-->
    <update id="update">
        update crm_property_visiable
        set field_visiable = '1'
        where id in
            <foreach item="id" collection="array" open="(" separator="," close=")">
                #{id,jdbcType=BIGINT}
            </foreach>
    </update>

    <update id="turnOff">
        update crm_property_visiable set field_visiable = '0'
    </update>

    <!--通过主键删除-->
    <delete id="deleteById">
        delete from crm_property_visiable where id = #{id}
    </delete>

</mapper>

