<?xml version="1.0" encoding="UTF-8"?>
<!DOCTYPE mapper PUBLIC "-//mybatis.org//DTD Mapper 3.0//EN" "http://mybatis.org/dtd/mybatis-3-mapper.dtd">
<mapper namespace="com.chinatechstar.crm.dao.CrmParamDao">

    <resultMap type="com.chinatechstar.crm.entity.CrmParam" id="CrmParamMap">
        <result property="id" column="id" jdbcType="INTEGER"/>
        <result property="mchtId" column="mcht_id" jdbcType="INTEGER"/>
        <result property="paramCode" column="param_code" jdbcType="VARCHAR"/>
        <result property="paramValue" column="param_value" jdbcType="VARCHAR"/>
        <result property="parentCode" column="parent_code" jdbcType="VARCHAR"/>
        <result property="remark" column="remark" jdbcType="VARCHAR"/>
        <result property="status" column="status" jdbcType="VARCHAR"/>
        <result property="createUser" column="create_user" jdbcType="VARCHAR"/>
        <result property="createTime" column="create_time" jdbcType="TIMESTAMP"/>
        <result property="updateUser" column="update_user" jdbcType="VARCHAR"/>
        <result property="updateTime" column="update_time" jdbcType="TIMESTAMP"/>
    </resultMap>

    <!--查询单个-->
    <select id="queryById" resultMap="CrmParamMap">
        select id,
               mcht_id,
               param_code,
               param_value,
               parent_code,
               remark,
               status,
               create_user,
               create_time,
               update_user,
               update_time
        from crm_param
        where id = #{id}
    </select>

    <!--查询指定行数据-->
    <select id="queryAllByPage" resultMap="CrmParamMap">
        select
        id, mcht_id, param_code, param_value, parent_code, remark, status, create_user, create_time, update_user,
        update_time
        from crm_param
        where 1 = 1
        <if test="mchtId != null">
            and mcht_id = #{mchtId}
        </if>
        <if test="paramCode != null and paramCode != ''">
            and param_code = #{paramCode}
        </if>
        <if test="paramValue != null and paramValue != ''">
            and param_value = #{paramValue}
        </if>
        <if test="parentCode != null and parentCode != ''">
            and parent_code = #{parentCode}
        </if>
        order by create_time desc

    </select>

    <!--统计总行数-->
    <select id="count" resultType="java.lang.Long">
        select count(1)
        from crm_param
        where 1 = 1
        <if test="mchtId != null">
            and mcht_id = #{mchtId}
        </if>
        <if test="paramCode != null and paramCode != ''">
            and param_code = #{paramCode}
        </if>
        <if test="paramValue != null and paramValue != ''">
            and param_value = #{paramValue}
        </if>
        <if test="parentCode != null and parentCode != ''">
            and parent_code = #{parentCode}
        </if>

    </select>

    <!--新增所有列-->
    <insert id="insert" keyProperty="id" useGeneratedKeys="true">
        insert into crm_param(id, mcht_id, param_code, param_value, parent_code, remark, status, create_user,
                              create_time, update_user, update_time)
        values (#{id}, #{mchtId}, #{paramCode}, #{paramValue}, #{parentCode}, #{remark}, #{status}, #{createUser},
                #{createTime}, #{updateUser}, #{updateTime})
    </insert>

    <insert id="insertBatch" keyProperty="id" useGeneratedKeys="true">
        insert into crm_param(id, mcht_id, param_code, param_value, parent_code, remark, status, create_user,
        create_time, update_user, update_time)
        values
        <foreach collection="entities" item="entity" separator=",">
            (#{entity.id}, #{entity.mchtId}, #{entity.paramCode}, #{entity.paramValue}, #{entity.parentCode},
            #{entity.remark}, #{entity.status}, #{entity.createUser}, #{entity.createTime}, #{entity.updateUser},
            #{entity.updateTime})
        </foreach>
    </insert>

    <insert id="insertOrUpdateBatch" keyProperty="id" useGeneratedKeys="true">
        insert into crm_param(id, mcht_id, param_code, param_value, parent_code, remark, status, create_user,
        create_time, update_user, update_time)
        values
        <foreach collection="entities" item="entity" separator=",">
            (#{entity.id}, #{entity.mchtId}, #{entity.paramCode}, #{entity.paramValue}, #{entity.parentCode},
            #{entity.remark}, #{entity.status}, #{entity.createUser}, #{entity.createTime}, #{entity.updateUser},
            #{entity.updateTime})
        </foreach>
        on duplicate key update
        id = values(id),
        mcht_id = values(mcht_id),
        param_code = values(param_code),
        param_value = values(param_value),
        parent_code = values(parent_code),
        remark = values(remark),
        status = values(status),
        create_user = values(create_user),
        create_time = values(create_time),
        update_user = values(update_user),
        update_time = values(update_time)
    </insert>

    <!--通过主键修改数据-->
    <update id="update">
        update crm_param
        <set>
            <if test="paramCode != null and paramCode != ''">
                param_code = #{paramCode},
            </if>
            <if test="paramValue != null and paramValue != ''">
                param_value = #{paramValue},
            </if>
            <if test="parentCode != null and parentCode != ''">
                parent_code = #{parentCode},
            </if>
            <if test="remark != null and remark != ''">
                remark = #{remark},
            </if>
            <if test="status != null and status != ''">
                status = #{status},
            </if>
            <if test="createUser != null and createUser != ''">
                create_user = #{createUser},
            </if>
            <if test="createTime != null">
                create_time = #{createTime},
            </if>
            <if test="updateUser != null and updateUser != ''">
                update_user = #{updateUser},
            </if>
            <if test="updateTime != null">
                update_time = #{updateTime},
            </if>
        </set>
        where id = #{id}
    </update>

    <!--通过主键删除-->
    <delete id="deleteById">
        delete
        from crm_param
        where id = #{id}
    </delete>

</mapper>

