<?xml version="1.0" encoding="UTF-8"?>
<!DOCTYPE mapper PUBLIC "-//mybatis.org//DTD Mapper 3.0//EN" "http://mybatis.org/dtd/mybatis-3-mapper.dtd">
<mapper namespace="com.chinatechstar.crm.dao.CrmRelationSymbolDao">

    <resultMap type="com.chinatechstar.crm.entity.CrmRelationSymbol" id="CrmRelationSymbolMap">
        <result property="id" column="id" jdbcType="INTEGER"/>
        <result property="mchtId" column="mcht_id" jdbcType="INTEGER"/>
        <result property="symbolType" column="symbol_type" jdbcType="VARCHAR"/>
        <result property="symbolName" column="symbol_name" jdbcType="VARCHAR"/>
        <result property="symbolColor" column="symbol_color" jdbcType="VARCHAR"/>
        <result property="remark" column="remark" jdbcType="VARCHAR"/>
        <result property="createTime" column="create_time" jdbcType="TIMESTAMP"/>
        <result property="createUser" column="create_user" jdbcType="VARCHAR"/>
        <result property="updateTime" column="update_time" jdbcType="TIMESTAMP"/>
        <result property="updateUser" column="update_user" jdbcType="VARCHAR"/>
    </resultMap>

    <!--查询单个-->
    <select id="queryById" resultMap="CrmRelationSymbolMap">
        select
id, mcht_id, symbol_type, symbol_name, symbol_color, remark, create_time, create_user, update_time, update_user
        from crm_relation_symbol
        where id = #{id}
    </select>

    <!--查询指定行数据-->
    <select id="queryAllByPage" resultMap="CrmRelationSymbolMap">
        select
id, mcht_id, symbol_type, symbol_name, symbol_color, remark, create_time, create_user, update_time, update_user
        from crm_relation_symbol
        where 1 = 1
            <if test="mchtId != null">
                and mcht_id = #{mchtId}
            </if>
            <if test="symbolName != null and symbolName != ''">
                and symbol_name = #{symbolName}
            </if>
    </select>

    <!--统计总行数-->
    <select id="count" resultType="java.lang.Long">
        select count(1)
        from crm_relation_symbol
        where 1 = 1
            <if test="mchtId != null">
                and mcht_id = #{mchtId}
            </if>
            <if test="symbolType != null and symbolType != ''">
                and symbol_type = #{symbolType}
            </if>
            <if test="symbolName != null and symbolName != ''">
                and symbol_name = #{symbolName}
            </if>
            <if test="symbolColor != null and symbolColor != ''">
                and symbol_color = #{symbolColor}
            </if>
            <if test="remark != null and remark != ''">
                and remark = #{remark}
            </if>
    </select>

    <!--新增所有列-->
    <insert id="insert" keyProperty="id" useGeneratedKeys="true">
        insert into crm_relation_symbol(id, mcht_id, symbol_type, symbol_name, symbol_color, remark, create_time, create_user, update_time, update_user)
        values (#{id}, #{mchtId}, #{symbolType}, #{symbolName}, #{symbolColor}, #{remark}, #{createTime}, #{createUser}, #{updateTime}, #{updateUser})
    </insert>

    <insert id="insertBatch" keyProperty="id" useGeneratedKeys="true">
        insert into crm_relation_symbol(id, mcht_id, symbol_type, symbol_name, symbol_color, remark, create_time, create_user, update_time, update_user)
        values
        <foreach collection="entities" item="entity" separator=",">
        (#{entity.id}, #{entity.mchtId}, #{entity.symbolType}, #{entity.symbolName}, #{entity.symbolColor}, #{entity.remark}, #{entity.createTime}, #{entity.createUser}, #{entity.updateTime}, #{entity.updateUser})
        </foreach>
    </insert>

    <insert id="insertOrUpdateBatch" keyProperty="id" useGeneratedKeys="true">
        insert into crm_relation_symbol(id, mcht_id, symbol_type, symbol_name, symbol_color, remark, create_time, create_user, update_time, update_user)
        values
        <foreach collection="entities" item="entity" separator=",">
            (#{entity.id}, #{entity.mchtId}, #{entity.symbolType}, #{entity.symbolName}, #{entity.symbolColor}, #{entity.remark}, #{entity.createTime}, #{entity.createUser}, #{entity.updateTime}, #{entity.updateUser})
        </foreach>
        on duplicate key update
id = values(id),
mcht_id = values(mcht_id),
symbol_type = values(symbol_type),
symbol_name = values(symbol_name),
symbol_color = values(symbol_color),
remark = values(remark),
create_time = values(create_time),
create_user = values(create_user),
update_time = values(update_time),
update_user = values(update_user)
    </insert>

    <!--通过主键修改数据-->
    <update id="update">
        update crm_relation_symbol
        <set>
            <if test="symbolType != null and symbolType != ''">
                symbol_type = #{symbolType},
            </if>
            <if test="symbolName != null and symbolName != ''">
                symbol_name = #{symbolName},
            </if>
            <if test="symbolColor != null and symbolColor != ''">
                symbol_color = #{symbolColor},
            </if>
            <if test="remark != null and remark != ''">
                remark = #{remark},
            </if>
            <if test="updateTime != null">
                update_time = #{updateTime},
            </if>
            <if test="updateUser != null and updateUser != ''">
                update_user = #{updateUser},
            </if>
        </set>
        where id = #{id}
    </update>

    <!--通过主键删除-->
    <delete id="deleteById">
        delete from crm_relation_symbol where id = #{id}
    </delete>

    <select id="queryByIds" resultMap="CrmRelationSymbolMap">
        select
        symbol_name, symbol_color
        from crm_relation_symbol
        where id in
            <foreach item="id" collection="array" open="(" separator="," close=")">
                #{id,jdbcType=BIGINT}
            </foreach>
    </select>
</mapper>

