<?xml version="1.0" encoding="UTF-8"?>
<!DOCTYPE mapper PUBLIC "-//mybatis.org//DTD Mapper 3.0//EN" "http://mybatis.org/dtd/mybatis-3-mapper.dtd">
<mapper namespace="com.chinatechstar.crm.dao.CrmRelationTypeDao">

    <resultMap type="com.chinatechstar.crm.entity.CrmRelationType" id="CrmRelationTypeMap">
        <result property="id" column="id" jdbcType="VARCHAR"/>
        <result property="relationType" column="relation_type" jdbcType="VARCHAR"/>
        <result property="orderNo" column="order_no" jdbcType="VARCHAR"/>
        <result property="status" column="status" jdbcType="VARCHAR"/>
        <result property="createTime" column="create_time" jdbcType="TIMESTAMP"/>
        <result property="createUser" column="create_user" jdbcType="VARCHAR"/>
        <result property="updateTime" column="update_time" jdbcType="TIMESTAMP"/>
        <result property="updateUser" column="update_user" jdbcType="VARCHAR"/>
        <result property="mchtId" column="mcht_id" jdbcType="VARCHAR"/>
    </resultMap>

    <!--查询单个-->
    <select id="queryById" resultMap="CrmRelationTypeMap" parameterType="com.chinatechstar.crm.vo.CrmRelationTypeVO">
        select id,
               relation_type,
               order_no,
               status,
               create_time,
               create_user,
               update_time,
               update_user,
               mcht_id
        from crm_relation_type
        where 1 = 1
        <if test="id != null and id != ''">
            and id = #{id}
        </if>
        <if test="relationType != null and relationType != ''">
            and relation_type = #{relationType}
        </if>
        <if test="status != null and status != ''">
            and status = #{status}
        </if>
        <if test="mchtId != null and mchtId != ''">
            and mcht_id = #{mchtId}
        </if>
    </select>

    <!--查询指定行数据-->
    <select id="queryByPage" resultMap="CrmRelationTypeMap">
        select
        id, relation_type, order_no, status, create_time, create_user, update_time, update_user, mcht_id
        from crm_relation_type
        <where>
            <if test="relationType != null and relationType != ''">
                and relation_type like CONCAT('%',#{relationType},'%')
            </if>
            <if test="status != null and status != ''">
                and status = #{status}
            </if>
            <if test="mchtId != null and mchtId != ''">
                and mcht_id = #{mchtId}
            </if>
        </where>
        order by order_no
    </select>

    <!--统计总行数-->
    <select id="count" resultType="java.lang.Long">
        select count(1)
        from crm_relation_type
        <where>
            <if test="id != null and id != ''">
                and id = #{id}
            </if>
            <if test="relationType != null and relationType != ''">
                and relation_type = #{relationType}
            </if>
            <if test="status != null and status != ''">
                and status = #{status}
            </if>
            <if test="mchtId != null and mchtId != ''">
                and mcht_id = #{mchtId}
            </if>
        </where>
    </select>

    <!--新增所有列-->
    <insert id="insert" keyProperty="id" useGeneratedKeys="true">
        insert into crm_relation_type(id, relation_type, order_no, status, create_time, create_user, update_time,
                                      update_user, mcht_id)
        values (#{id}, #{relationType}, #{orderNo}, #{status}, #{createTime}, #{createUser}, #{updateTime},
                #{updateUser}, #{mchtId})
    </insert>

    <insert id="insertBatch" keyProperty="id" useGeneratedKeys="true">
        insert into crm_relation_type(id, relation_type, order_no, status, create_time, create_user, update_time,
        update_user, mcht_id)
        values
        <foreach collection="entities" item="entity" separator=",">
            (#{entity.id}, #{entity.relationType}, #{entity.orderNo}, #{entity.status}, #{entity.createTime},
            #{entity.createUser}, #{entity.updateTime}, #{entity.updateUser}, #{entity.mchtId})
        </foreach>
    </insert>

    <insert id="insertOrUpdateBatch" keyProperty="id" useGeneratedKeys="true">
        insert into crm_relation_type(id, relation_type, order_no, status, create_time, create_user, update_time,
        update_user, mcht_id)
        values
        <foreach collection="entities" item="entity" separator=",">
            (#{entity.id}, #{entity.relationType}, #{entity.orderNo}, #{entity.status}, #{entity.createTime},
            #{entity.createUser}, #{entity.updateTime}, #{entity.updateUser}, #{entity.mchtId})
        </foreach>
        on duplicate key update
        id = values(id),
        relation_type = values(relation_type),
        order_no = values(order_no),
        status = values(status),
        create_time = values(create_time),
        create_user = values(create_user),
        update_time = values(update_time),
        update_user = values(update_user),
        mcht_id = values(mcht_id)
    </insert>

    <!--通过主键修改数据-->
    <update id="update">
        update crm_relation_type
        <set>
            <if test="relationType != null and relationType != ''">
                relation_type = #{relationType},
            </if>
            <if test="orderNo != null and orderNo != ''">
                order_no = #{orderNo},
            </if>
            <if test="status != null and status != ''">
                status = #{status},
            </if>
            <if test="updateTime != null">
                update_time = #{updateTime},
            </if>
            <if test="updateUser != null and updateUser != ''">
                update_user = #{updateUser},
            </if>
        </set>
        where id = #{id} and mcht_id = #{mchtId}
    </update>

    <!--通过主键删除-->
    <delete id="deleteById">
        delete
        from crm_relation_type
        where id = #{id}
    </delete>

</mapper>

