<?xml version="1.0" encoding="UTF-8"?>
<!DOCTYPE mapper PUBLIC "-//mybatis.org//DTD Mapper 3.0//EN" "http://mybatis.org/dtd/mybatis-3-mapper.dtd">
<mapper namespace="com.chinatechstar.crm.dao.CrmRelationNameDao">

    <resultMap type="com.chinatechstar.crm.entity.CrmRelationName" id="CrmRelationNameMap">
        <result property="id" column="id" jdbcType="VARCHAR"/>
        <result property="relationType" column="relation_type" jdbcType="VARCHAR"/>
        <result property="relationName" column="relation_name" jdbcType="VARCHAR"/>
        <result property="relationProperty" column="relation_property" jdbcType="VARCHAR"/>
        <result property="status" column="status" jdbcType="VARCHAR"/>
        <result property="createTime" column="create_time" jdbcType="TIMESTAMP"/>
        <result property="createUser" column="create_user" jdbcType="VARCHAR"/>
        <result property="updateTime" column="update_time" jdbcType="TIMESTAMP"/>
        <result property="updateUser" column="update_user" jdbcType="VARCHAR"/>
        <result property="mchtId" column="mcht_id" jdbcType="VARCHAR"/>
    </resultMap>

    <!--查询单个-->
    <select id="queryById" resultMap="CrmRelationNameMap">
        select id,
               relation_type,
               relation_name,
               relation_property,
               status,
               create_time,
               create_user,
               update_time,
               update_user,
               mcht_id
        from crm_relation_name
        where id = #{id}
    </select>

    <!--查询指定行数据-->
    <select id="queryByPage" resultMap="CrmRelationNameMap">
        select
        id, relation_type, relation_name, relation_property, status, create_time, create_user, update_time, update_user,
        mcht_id
        from crm_relation_name
        <where>
            <if test="relationType != null and relationType != ''">
                and relation_type = #{relationType}
            </if>
            <if test="relationName != null and relationName != ''">
                and relation_name like CONCAT('%',#{relationName},'%')
            </if>
            <if test="relationProperty != null and relationProperty != ''">
                and relation_property = #{relationProperty}
            </if>
            <if test="status != null and status != ''">
                and status = #{status}
            </if>
            <if test="mchtId != null and mchtId != ''">
                and mcht_id = #{mchtId}
            </if>
        </where>
        order by create_time
    </select>

    <!--统计总行数-->
    <select id="count" resultType="java.lang.Long">
        select count(1)
        from crm_relation_name
        <where>
            <if test="relationType != null and relationType != ''">
                and relation_type = #{relationType}
            </if>
            <if test="relationName != null and relationName != ''">
                and relation_name = #{relationName}
            </if>
            <if test="relationProperty != null and relationProperty != ''">
                and relation_property = #{relationProperty}
            </if>
            <if test="status != null and status != ''">
                and status = #{status}
            </if>
            <if test="mchtId != null and mchtId != ''">
                and mcht_id = #{mchtId}
            </if>
        </where>
    </select>

    <!--新增所有列-->
    <insert id="insert" keyProperty="id" useGeneratedKeys="true">
        insert into crm_relation_name(id, relation_type, relation_name, relation_property, status, create_time,
                                      create_user, update_time, update_user, mcht_id)
        values (#{id}, #{relationType}, #{relationName}, #{relationProperty}, #{status}, #{createTime}, #{createUser},
                #{updateTime}, #{updateUser}, #{mchtId})
    </insert>

    <insert id="insertBatch" keyProperty="id" useGeneratedKeys="true">
        insert into crm_relation_name(id, relation_type, relation_name, relation_property, status, create_time,
        create_user, update_time, update_user, mcht_id)
        values
        <foreach collection="entities" item="entity" separator=",">
            (#{entity.id}, #{entity.relationType}, #{entity.relationName}, #{entity.relationProperty}, #{entity.status},
            #{entity.createTime}, #{entity.createUser}, #{entity.updateTime}, #{entity.updateUser}, #{entity.mchtId})
        </foreach>
    </insert>

    <insert id="insertOrUpdateBatch" keyProperty="id" useGeneratedKeys="true">
        insert into crm_relation_name(id, relation_type, relation_name, relation_property, status, create_time,
        create_user, update_time, update_user, mcht_id)
        values
        <foreach collection="entities" item="entity" separator=",">
            (#{entity.id}, #{entity.relationType}, #{entity.relationName}, #{entity.relationProperty}, #{entity.status},
            #{entity.createTime}, #{entity.createUser}, #{entity.updateTime}, #{entity.updateUser}, #{entity.mchtId})
        </foreach>
        on duplicate key update
        id = values(id),
        relation_type = values(relation_type),
        relation_name = values(relation_name),
        relation_property = values(relation_property),
        status = values(status),
        create_time = values(create_time),
        create_user = values(create_user),
        update_time = values(update_time),
        update_user = values(update_user),
        mcht_id = values(mcht_id)
    </insert>

    <!--通过主键修改数据-->
    <update id="update">
        update crm_relation_name
        <set>
            <if test="relationType != null and relationType != ''">
                relation_type = #{relationType},
            </if>
            <if test="relationName != null and relationName != ''">
                relation_name = #{relationName},
            </if>
            <if test="relationProperty != null and relationProperty != ''">
                relation_property = #{relationProperty},
            </if>
            <if test="status != null and status != ''">
                status = #{status},
            </if>
            <if test="createTime != null">
                create_time = #{createTime},
            </if>
            <if test="createUser != null and createUser != ''">
                create_user = #{createUser},
            </if>
            <if test="updateTime != null">
                update_time = #{updateTime},
            </if>
            <if test="updateUser != null and updateUser != ''">
                update_user = #{updateUser},
            </if>
            <if test="mchtId != null and mchtId != ''">
                mcht_id = #{mchtId},
            </if>
        </set>
        where id = #{id}
    </update>

    <!--通过主键删除-->
    <delete id="deleteById">
        delete
        from crm_relation_name
        where id = #{id}
    </delete>

</mapper>

