<?xml version="1.0" encoding="UTF-8"?>
<!DOCTYPE mapper PUBLIC "-//mybatis.org//DTD Mapper 3.0//EN" "http://mybatis.org/dtd/mybatis-3-mapper.dtd">
<mapper namespace="com.chinatechstar.crm.dao.CrmRulesUpDao">

    <resultMap type="com.chinatechstar.crm.entity.CrmRulesUp" id="CrmRulesUpMap">
        <result property="ruleId" column="rule_id" jdbcType="VARCHAR"/>
        <result property="ruleName" column="rule_name" jdbcType="VARCHAR"/>
        <result property="ruleDesc" column="rule_desc" jdbcType="VARCHAR"/>
        <result property="ruleParam" column="rule_param" jdbcType="VARCHAR"/>
        <result property="ruleValue" column="rule_value" jdbcType="VARCHAR"/>
        <result property="ruleValueUnit" column="rule_value_unit" jdbcType="VARCHAR"/>
        <result property="ruleBonus" column="rule_bonus" jdbcType="VARCHAR"/>
        <result property="ruleBonusUnit" column="rule_bonus_unit" jdbcType="VARCHAR"/>
        <result property="ruleTimes" column="rule_times" jdbcType="VARCHAR"/>
        <result property="ruleTimesUnit" column="rule_times_unit" jdbcType="VARCHAR"/>
        <result property="ruleExpire" column="rule_expire" jdbcType="VARCHAR"/>
        <result property="ruleExpireUnit" column="rule_expire_unit" jdbcType="VARCHAR"/>
        <result property="ruleType" column="rule_type" jdbcType="VARCHAR"/>
        <result property="ruleStatus" column="rule_status" jdbcType="VARCHAR"/>
        <result property="mchtId" column="mcht_id" jdbcType="VARCHAR"/>
    </resultMap>

    <!--查询单个-->
    <select id="queryById" resultMap="CrmRulesUpMap">
        select rule_id,
               rule_name,
               rule_desc,
               rule_param,
               rule_value,
               rule_value_unit,
               rule_bonus,
               rule_bonus_unit,
               rule_times,
               rule_times_unit,
               rule_expire,
               rule_expire_unit,
               rule_type,
               rule_status,
               mcht_id
        from crm_rules_up
        where rule_id = #{ruleId}
    </select>

    <!--查询指定行数据-->
    <select id="queryAllByPage" resultMap="CrmRulesUpMap" parameterType="com.chinatechstar.crm.vo.CrmRulesVO">
        select
        rule_id, rule_name, rule_desc, rule_param, rule_value, rule_value_unit, rule_bonus, rule_bonus_unit, rule_times,
        rule_times_unit, rule_expire, rule_expire_unit, rule_type, rule_status, mcht_id
        from crm_rules_up
        where 1 = 1
        <if test="ruleStatus != null and ruleStatus != ''">
            and rule_type = #{ruleType}
        </if>
        <if test="mchtId != null and mchtId != ''">
            and mcht_id = #{mchtId}
        </if>
        <if test="ruleName != null and ruleName != ''">
            and rule_name = #{ruleName}
        </if>
        <if test="gradeId != null and gradeId != ''">
            and rule_id not in (select rule_id from crm_grade_rule where grade_id = #{gradeId})
        </if>

    </select>

    <!--统计总行数-->
    <select id="count" resultType="java.lang.Long">
        select count(1)
        from crm_rules_up
        where 1 = 1
        <if test="ruleId != null and ruleId != ''">
            and rule_id = #{ruleId}
        </if>
        <if test="ruleName != null and ruleName != ''">
            and rule_name = #{ruleName}
        </if>
        <if test="ruleDesc != null and ruleDesc != ''">
            and rule_desc = #{ruleDesc}
        </if>
        <if test="ruleParam != null and ruleParam != ''">
            and rule_param = #{ruleParam}
        </if>
        <if test="ruleValue != null and ruleValue != ''">
            and rule_value = #{ruleValue}
        </if>
        <if test="ruleValueUnit != null and ruleValueUnit != ''">
            and rule_value_unit = #{ruleValueUnit}
        </if>
        <if test="ruleBonus != null and ruleBonus != ''">
            and rule_bonus = #{ruleBonus}
        </if>
        <if test="ruleBonusUnit != null and ruleBonusUnit != ''">
            and rule_bonus_unit = #{ruleBonusUnit}
        </if>
        <if test="ruleTimes != null and ruleTimes != ''">
            and rule_times = #{ruleTimes}
        </if>
        <if test="ruleTimesUnit != null and ruleTimesUnit != ''">
            and rule_times_unit = #{ruleTimesUnit}
        </if>
        <if test="ruleExpire != null and ruleExpire != ''">
            and rule_expire = #{ruleExpire}
        </if>
        <if test="ruleExpireUnit != null and ruleExpireUnit != ''">
            and rule_expire_unit = #{ruleExpireUnit}
        </if>
        <if test="ruleType != null and ruleType != ''">
            and rule_type = #{ruleType}
        </if>
        <if test="ruleStatus != null and ruleStatus != ''">
            and rule_status = #{ruleStatus}
        </if>
        <if test="mchtId != null and mchtId != ''">
            and mcht_id = #{mchtId}
        </if>

    </select>

    <!--新增所有列-->
    <insert id="insert" keyProperty="ruleId" useGeneratedKeys="true">
        insert into crm_rules_up(rule_id, rule_name, rule_desc, rule_param, rule_value, rule_value_unit, rule_bonus,
                                 rule_bonus_unit, rule_times, rule_times_unit, rule_expire, rule_expire_unit, rule_type,
                                 rule_status, mcht_id)
        values (#{ruleId}, #{ruleName}, #{ruleDesc}, #{ruleParam}, #{ruleValue}, #{ruleValueUnit}, #{ruleBonus},
                #{ruleBonusUnit}, #{ruleTimes}, #{ruleTimesUnit}, #{ruleExpire}, #{ruleExpireUnit}, #{ruleType},
                #{ruleStatus}, #{mchtId})
    </insert>

    <insert id="insertBatch" keyProperty="ruleId" useGeneratedKeys="true">
        insert into crm_rules_up(rule_id, rule_name, rule_desc, rule_param, rule_value, rule_value_unit, rule_bonus,
        rule_bonus_unit, rule_times, rule_times_unit, rule_expire, rule_expire_unit, rule_type, rule_status, mcht_id)
        values
        <foreach collection="entities" item="entity" separator=",">
            (#{entity.ruleId}, #{entity.ruleName}, #{entity.ruleDesc}, #{entity.ruleParam}, #{entity.ruleValue},
            #{entity.ruleValueUnit}, #{entity.ruleBonus}, #{entity.ruleBonusUnit}, #{entity.ruleTimes},
            #{entity.ruleTimesUnit}, #{entity.ruleExpire}, #{entity.ruleExpireUnit}, #{entity.ruleType},
            #{entity.ruleStatus}, #{entity.mchtId})
        </foreach>
    </insert>

    <insert id="insertOrUpdateBatch" keyProperty="ruleId" useGeneratedKeys="true">
        insert into crm_rules_up(rule_id, rule_name, rule_desc, rule_param, rule_value, rule_value_unit, rule_bonus,
        rule_bonus_unit, rule_times, rule_times_unit, rule_expire, rule_expire_unit, rule_type, rule_status, mcht_id)
        values
        <foreach collection="entities" item="entity" separator=",">
            (#{entity.ruleId}, #{entity.ruleName}, #{entity.ruleDesc}, #{entity.ruleParam}, #{entity.ruleValue},
            #{entity.ruleValueUnit}, #{entity.ruleBonus}, #{entity.ruleBonusUnit}, #{entity.ruleTimes},
            #{entity.ruleTimesUnit}, #{entity.ruleExpire}, #{entity.ruleExpireUnit}, #{entity.ruleType},
            #{entity.ruleStatus}, #{entity.mchtId})
        </foreach>
        on duplicate key update
        rule_id = values(rule_id),
        rule_name = values(rule_name),
        rule_desc = values(rule_desc),
        rule_param = values(rule_param),
        rule_value = values(rule_value),
        rule_value_unit = values(rule_value_unit),
        rule_bonus = values(rule_bonus),
        rule_bonus_unit = values(rule_bonus_unit),
        rule_times = values(rule_times),
        rule_times_unit = values(rule_times_unit),
        rule_expire = values(rule_expire),
        rule_expire_unit = values(rule_expire_unit),
        rule_type = values(rule_type),
        rule_status = values(rule_status),
        mcht_id = values(mcht_id)
    </insert>

    <!--通过主键修改数据-->
    <update id="update">
        update crm_rules_up
        <set>
            <if test="ruleName != null and ruleName != ''">
                rule_name = #{ruleName},
            </if>
            <if test="ruleDesc != null and ruleDesc != ''">
                rule_desc = #{ruleDesc},
            </if>
            <if test="ruleParam != null and ruleParam != ''">
                rule_param = #{ruleParam},
            </if>
            <if test="ruleValue != null and ruleValue != ''">
                rule_value = #{ruleValue},
            </if>
            <if test="ruleValueUnit != null and ruleValueUnit != ''">
                rule_value_unit = #{ruleValueUnit},
            </if>
            <if test="ruleBonus != null and ruleBonus != ''">
                rule_bonus = #{ruleBonus},
            </if>
            <if test="ruleBonusUnit != null and ruleBonusUnit != ''">
                rule_bonus_unit = #{ruleBonusUnit},
            </if>
            <if test="ruleTimes != null and ruleTimes != ''">
                rule_times = #{ruleTimes},
            </if>
            <if test="ruleTimesUnit != null and ruleTimesUnit != ''">
                rule_times_unit = #{ruleTimesUnit},
            </if>
            <if test="ruleExpire != null and ruleExpire != ''">
                rule_expire = #{ruleExpire},
            </if>
            <if test="ruleExpireUnit != null and ruleExpireUnit != ''">
                rule_expire_unit = #{ruleExpireUnit},
            </if>
            <if test="ruleStatus != null and ruleStatus != ''">
                rule_status = #{ruleStatus},
            </if>
        </set>
        where rule_id = #{ruleId}
        <if test="mchtId != null and mchtId != ''">
            and mcht_id = #{mchtId}
        </if>
        <if test="ruleType != null and ruleType != ''">
            and rule_type = #{ruleType}
        </if>
    </update>

    <!--通过主键删除-->
    <delete id="deleteById">
        delete
        from crm_rules_up
        where rule_id = #{ruleId}
    </delete>

    <select id="queryByGradeId" parameterType="com.chinatechstar.crm.vo.CrmRulesVO" resultMap="CrmRulesUpMap">
        select rule_id,
               rule_name,
               rule_desc,
               rule_param,
               rule_value,
               rule_value_unit,
               rule_bonus,
               rule_bonus_unit,
               rule_times,
               rule_times_unit,
               rule_expire,
               rule_expire_unit,
               rule_type,
               rule_status,
               mcht_id
        from crm_rules_up
        where rule_id in
                (
                select rule_id from crm_grade_rule where grade_id = #{gradeId}
                )
        <if test="ruleType != null and ruleType != ''">
            and rule_type = #{ruleType}
        </if>
        <if test="mchtId != null and mchtId != ''">
            and mcht_id = #{mchtId}
        </if>
    </select>
    <select id="queryByIds" resultMap="CrmRulesUpMap">
        select rule_id,
               rule_name,
               rule_desc,
               rule_param,
               rule_value,
               rule_value_unit,
               rule_bonus,
               rule_bonus_unit,
               rule_times,
               rule_times_unit,
               rule_expire,
               rule_expire_unit,
               rule_type,
               rule_status,
               mcht_id
        from crm_rules_up
        where rule_id in
        <foreach collection="array" item="id" index="index" open="(" close=")" separator=",">
            #{id}
        </foreach>
        <if test="ruleType != null and ruleType != ''">
            and rule_type = #{ruleType}
        </if>
        <if test="mchtId != null and mchtId != ''">
            and mcht_id = #{mchtId}
        </if>
    </select>
</mapper>

