<?xml version="1.0" encoding="UTF-8"?>
<!DOCTYPE mapper PUBLIC "-//mybatis.org//DTD Mapper 3.0//EN" "http://mybatis.org/dtd/mybatis-3-mapper.dtd">
<mapper namespace="com.chinatechstar.crm.dao.CrmRulesEquityDao">

    <resultMap type="com.chinatechstar.crm.entity.CrmRulesEquity" id="CrmRulesEquityMap">
        <result property="ruleId" column="rule_id" jdbcType="VARCHAR"/>
        <result property="benefitModule" column="benefit_module" jdbcType="VARCHAR"/>
        <result property="benefitName" column="benefit_name" jdbcType="VARCHAR"/>
        <result property="benefitContent" column="benefit_content" jdbcType="VARCHAR"/>
        <result property="benefitValue" column="benefit_value" jdbcType="VARCHAR"/>
        <result property="ruleType" column="rule_type" jdbcType="VARCHAR"/>
        <result property="ruleStatus" column="rule_status" jdbcType="VARCHAR"/>
        <result property="mchtId" column="mcht_id" jdbcType="VARCHAR"/>
    </resultMap>

    <!--查询单个-->
    <select id="queryById" resultMap="CrmRulesEquityMap">
        select rule_id,
               benefit_module,
               benefit_name,
               benefit_content,
               benefit_value,
               rule_type,
               rule_status,
               mcht_id
        from crm_rules_equity
        where rule_id = #{ruleId}
    </select>

    <!--查询指定行数据-->
    <select id="queryAllByPage" resultMap="CrmRulesEquityMap">
        select
        rule_id, benefit_module, benefit_name, benefit_content, benefit_value, rule_type, rule_status, mcht_id
        from crm_rules_equity
        where 1 = 1
        <if test="ruleId != null and ruleId != ''">
            and rule_id = #{ruleId}
        </if>
        <if test="benefitModule != null and benefitModule != ''">
            and benefit_module = #{benefitModule}
        </if>
        <if test="benefitName != null and benefitName != ''">
            and benefit_name = #{benefitName}
        </if>
        <if test="benefitContent != null and benefitContent != ''">
            and benefit_content = #{benefitContent}
        </if>
        <if test="benefitValue != null and benefitValue != ''">
            and benefit_value = #{benefitValue}
        </if>
        <if test="ruleType != null and ruleType != ''">
            and rule_type = #{ruleType}
        </if>
        <if test="ruleStatus != null and ruleStatus != ''">
            and rule_status = #{ruleStatus}
        </if>
        <if test="mchtId != null and mchtId != ''">
            and mcht_id = #{mchtId}
        </if>

    </select>

    <!--统计总行数-->
    <select id="count" resultType="java.lang.Long">
        select count(1)
        from crm_rules_equity
        where 1 = 1
        <if test="ruleId != null and ruleId != ''">
            and rule_id = #{ruleId}
        </if>
        <if test="benefitModule != null and benefitModule != ''">
            and benefit_module = #{benefitModule}
        </if>
        <if test="benefitName != null and benefitName != ''">
            and benefit_name = #{benefitName}
        </if>
        <if test="benefitContent != null and benefitContent != ''">
            and benefit_content = #{benefitContent}
        </if>
        <if test="benefitValue != null and benefitValue != ''">
            and benefit_value = #{benefitValue}
        </if>
        <if test="ruleType != null and ruleType != ''">
            and rule_type = #{ruleType}
        </if>
        <if test="ruleStatus != null and ruleStatus != ''">
            and rule_status = #{ruleStatus}
        </if>
        <if test="mchtId != null and mchtId != ''">
            and mcht_id = #{mchtId}
        </if>

    </select>

    <!--新增所有列-->
    <insert id="insert" keyProperty="ruleId" useGeneratedKeys="true">
        insert into crm_rules_equity(rule_id, benefit_module, benefit_name, benefit_content, benefit_value, rule_type,
                                     rule_status, mcht_id)
        values (#{ruleId}, #{benefitModule}, #{benefitName}, #{benefitContent}, #{benefitValue}, #{ruleType},
                #{ruleStatus}, #{mchtId})
    </insert>

    <insert id="insertBatch" keyProperty="ruleId" useGeneratedKeys="true">
        insert into crm_rules_equity(rule_id, benefit_module, benefit_name, benefit_content, benefit_value, rule_type,
        rule_status, mcht_id)
        values
        <foreach collection="entities" item="entity" separator=",">
            (#{entity.ruleId}, #{entity.benefitModule}, #{entity.benefitName}, #{entity.benefitContent},
            #{entity.benefitValue}, #{entity.ruleType}, #{entity.ruleStatus}, #{entity.mchtId})
        </foreach>
    </insert>

    <insert id="insertOrUpdateBatch" keyProperty="ruleId" useGeneratedKeys="true">
        insert into crm_rules_equity(rule_id, benefit_module, benefit_name, benefit_content, benefit_value, rule_type,
        rule_status, mcht_id)
        values
        <foreach collection="entities" item="entity" separator=",">
            (#{entity.ruleId}, #{entity.benefitModule}, #{entity.benefitName}, #{entity.benefitContent},
            #{entity.benefitValue}, #{entity.ruleType}, #{entity.ruleStatus}, #{entity.mchtId})
        </foreach>
        on duplicate key update
        rule_id = values(rule_id),
        benefit_module = values(benefit_module),
        benefit_name = values(benefit_name),
        benefit_content = values(benefit_content),
        benefit_value = values(benefit_value),
        rule_type = values(rule_type),
        rule_status = values(rule_status),
        mcht_id = values(mcht_id)
    </insert>

    <!--通过主键修改数据-->
    <update id="update">
        update crm_rules_equity
        <set>
            <if test="benefitModule != null and benefitModule != ''">
                benefit_module = #{benefitModule},
            </if>
            <if test="benefitName != null and benefitName != ''">
                benefit_name = #{benefitName},
            </if>
            <if test="benefitContent != null and benefitContent != ''">
                benefit_content = #{benefitContent},
            </if>
            <if test="benefitValue != null and benefitValue != ''">
                benefit_value = #{benefitValue},
            </if>
            <if test="ruleType != null and ruleType != ''">
                rule_type = #{ruleType},
            </if>
            <if test="ruleStatus != null and ruleStatus != ''">
                rule_status = #{ruleStatus},
            </if>
            <if test="mchtId != null and mchtId != ''">
                mcht_id = #{mchtId},
            </if>
        </set>
        where rule_id = #{ruleId}
    </update>

    <!--通过主键删除-->
    <delete id="deleteById">
        delete
        from crm_rules_equity
        where rule_id = #{ruleId}
    </delete>

</mapper>

