<?xml version="1.0" encoding="UTF-8"?>
<!DOCTYPE mapper PUBLIC "-//mybatis.org//DTD Mapper 3.0//EN" "http://mybatis.org/dtd/mybatis-3-mapper.dtd">
<mapper namespace="com.chinatechstar.crm.dao.CrmRelatedCodeDao">

    <resultMap type="com.chinatechstar.crm.entity.CrmRelatedCode" id="CrmRelatedCodeMap">
        <result property="userId" column="user_id" jdbcType="VARCHAR"/>
        <result property="mchtId" column="mcht_id" jdbcType="VARCHAR"/>
        <result property="shareCode" column="share_code" jdbcType="VARCHAR"/>
        <result property="createTime" column="create_time" jdbcType="TIMESTAMP"/>
        <result property="status" column="status" jdbcType="VARCHAR"/>
    </resultMap>

    <!--查询单个-->
    <select id="queryById" resultMap="CrmRelatedCodeMap">
        select user_id,
               mcht_id,
               share_code,
               create_time,
               status
        from crm_related_code
        where user_id = #{userId}
    </select>

    <!--查询指定行数据-->
    <select id="queryAllByLimit" resultMap="CrmRelatedCodeMap">
        select
        user_id, mcht_id, share_code, create_time, status
        from crm_related_code
        <where>
            <if test="userId != null and userId != ''">
                and user_id = #{userId}
            </if>
            <if test="mchtId != null and mchtId != ''">
                and mcht_id = #{mchtId}
            </if>
            <if test="shareCode != null and shareCode != ''">
                and share_code = #{shareCode}
            </if>
            <if test="createTime != null">
                and create_time = #{createTime}
            </if>
            <if test="status != null and status != ''">
                and status = #{status}
            </if>
        </where>
        limit #{pageable.offset}, #{pageable.pageSize}
    </select>

    <!--统计总行数-->
    <select id="count" resultType="java.lang.Long">
        select count(1)
        from crm_related_code
        <where>
            <if test="userId != null and userId != ''">
                and user_id = #{userId}
            </if>
            <if test="mchtId != null and mchtId != ''">
                and mcht_id = #{mchtId}
            </if>
            <if test="shareCode != null and shareCode != ''">
                and share_code = #{shareCode}
            </if>
            <if test="createTime != null">
                and create_time = #{createTime}
            </if>
            <if test="status != null and status != ''">
                and status = #{status}
            </if>
        </where>
    </select>

    <!--新增所有列-->
    <insert id="insert" keyProperty="" useGeneratedKeys="true">
        insert into crm_related_code(user_id, mcht_id, share_code, create_time, status)
        values (#{userId}, #{mchtId}, #{shareCode}, #{createTime}, #{status})
    </insert>

    <insert id="insertBatch" keyProperty="" useGeneratedKeys="true">
        insert into crm_related_code(user_id, mcht_id, share_code, create_time, status)
        values
        <foreach collection="entities" item="entity" separator=",">
            (#{entity.userId}, #{entity.mchtId}, #{entity.shareCode}, #{entity.createTime}, #{entity.status})
        </foreach>
    </insert>

    <insert id="insertOrUpdateBatch" keyProperty="" useGeneratedKeys="true">
        insert into crm_related_code(user_id, mcht_id, share_code, create_time, status)
        values
        <foreach collection="entities" item="entity" separator=",">
            (#{entity.userId}, #{entity.mchtId}, #{entity.shareCode}, #{entity.createTime}, #{entity.status})
        </foreach>
        on duplicate key update
        user_id = values(user_id),
        mcht_id = values(mcht_id),
        share_code = values(share_code),
        create_time = values(create_time),
        status = values(status)
    </insert>

    <!--通过主键修改数据-->
    <update id="update">
        update crm_related_code
        <set>
            <if test="userId != null and userId != ''">
                user_id = #{userId},
            </if>
            <if test="mchtId != null and mchtId != ''">
                mcht_id = #{mchtId},
            </if>
            <if test="shareCode != null and shareCode != ''">
                share_code = #{shareCode},
            </if>
            <if test="createTime != null">
                create_time = #{createTime},
            </if>
            <if test="status != null and status != ''">
                status = #{status},
            </if>
        </set>
        where user_id = #{userId}
    </update>

    <!--通过主键删除-->
    <delete id="deleteById">
        delete
        from crm_related_code
        where user_id = #{userId}
    </delete>

</mapper>

