<?xml version="1.0" encoding="UTF-8"?>
<!DOCTYPE mapper PUBLIC "-//mybatis.org//DTD Mapper 3.0//EN" "http://mybatis.org/dtd/mybatis-3-mapper.dtd">
<mapper namespace="com.chinatechstar.crm.dao.CrmRelationManagerDao">

    <resultMap type="com.chinatechstar.crm.entity.CrmRelationManager" id="CrmRelationManagerMap">
        <result property="id" column="id" jdbcType="INTEGER"/>
        <result property="userId" column="user_id" jdbcType="INTEGER"/>
        <result property="name" column="name" jdbcType="VARCHAR"/>
        <result property="mobile" column="mobile" jdbcType="VARCHAR"/>
        <result property="userIdRelated" column="user_id_related" jdbcType="INTEGER"/>
        <result property="nameRelated" column="name_related" jdbcType="VARCHAR"/>
        <result property="mobileRelated" column="mobile_related" jdbcType="VARCHAR"/>
        <result property="srcChannel" column="src_channel" jdbcType="VARCHAR"/>
        <result property="status" column="status" jdbcType="VARCHAR"/>
        <result property="relationNameId" column="relation_name_id" jdbcType="INTEGER"/>
        <result property="relationTypeId" column="relation_type_id" jdbcType="INTEGER"/>
        <result property="relationName" column="relation_name" jdbcType="VARCHAR"/>
        <result property="relationData" column="relation_data" jdbcType="VARCHAR"/>
        <result property="createTime" column="create_time" jdbcType="TIMESTAMP"/>
        <result property="createUser" column="create_user" jdbcType="VARCHAR"/>
        <result property="updateTime" column="update_time" jdbcType="TIMESTAMP"/>
        <result property="updateUser" column="update_user" jdbcType="VARCHAR"/>
        <result property="mchtId" column="mcht_id" jdbcType="INTEGER"/>
        <result property="relationType" column="relation_type" jdbcType="VARCHAR"/>
        <result property="idTypeRelated" column="id_type_related" jdbcType="VARCHAR"/>
        <result property="idNoRelated" column="id_no_related" jdbcType="VARCHAR"/>
        <result property="idType" column="id_type" jdbcType="VARCHAR"/>
        <result property="idNo" column="id_no" jdbcType="VARCHAR"/>
        <result property="type" column="type" jdbcType="VARCHAR"/>
        <result property="relationProperty" column="relation_property" jdbcType="VARCHAR"/>
    </resultMap>

    <!--查询单个-->
    <select id="queryById" resultMap="CrmRelationManagerMap">
        select
id, user_id, name, mobile, user_id_related, name_related, mobile_related, src_channel, status, relation_name_id, relation_type_id, relation_name, relation_data, create_time, create_user, update_time, update_user, mcht_id, relation_type, id_type_related, id_no_related, type
        from crm_relation_manager
        where id = #{id}
    </select>

    <!--查询指定行数据-->
    <select id="queryByPage" resultMap="CrmRelationManagerMap">
        select
id, user_id, name, mobile, user_id_related, name_related, mobile_related, src_channel, status, relation_name_id, relation_type_id, relation_name, relation_data, create_time, create_user, update_time, update_user, mcht_id, relation_type, id_type_related, id_no_related, type
        from crm_relation_manager
        where 1 = 1
            <if test="userId != null">
                and user_id = #{userId}
            </if>
            <if test="name != null and name != ''">
                and name = #{name}
            </if>
            <if test="relationNameId != null and relationNameId != ''">
                and relation_name_id = #{relationNameId}
            </if>
            <if test="relationTypeId != null and relationTypeId != ''">
                and relation_type_id = #{relationTypeId}
            </if>
            <if test="mobileRelated != null and mobileRelated != ''">
                and mobile_related = #{mobileRelated}
            </if>
            <if test="mobile != null and mobile != ''">
                and mobile = #{mobile}
            </if>
            <if test="mchtId != null">
                and mcht_id = #{mchtId}
            </if>
    </select>

    <!--统计总行数-->
    <select id="count" resultType="java.lang.Long">
        select count(1)
        from crm_relation_manager
        where 1 = 1
        <if test="userId != null">
            and user_id = #{userId}
        </if>
        <if test="name != null and name != ''">
            and name = #{name}
        </if>
        <if test="relationNameId != null and relationNameId != ''">
            and relation_name_id = #{relationNameId}
        </if>
        <if test="relationTypeId != null and relationTypeId != ''">
            and relation_type_id = #{relationTypeId}
        </if>
        <if test="mchtId != null">
            and mcht_id = #{mchtId}
        </if>
        <if test="mobileRelated != null and mobileRelated != ''">
            and mobile_related = #{mobileRelated}
        </if>
        <if test="mobile != null and mobile != ''">
            and mobile = #{mobile}
        </if>

    </select>

    <!--新增所有列-->
    <insert id="insert" keyProperty="id" useGeneratedKeys="true">
        insert into crm_relation_manager(id, user_id, name, mobile, user_id_related, name_related, mobile_related, src_channel, status, relation_name_id, relation_type_id, relation_name, relation_data, create_time, create_user, update_time, update_user, mcht_id, relation_type, id_type_related, id_no_related, type)
        values (#{id}, #{userId}, #{name}, #{mobile}, #{userIdRelated}, #{nameRelated}, #{mobileRelated}, #{srcChannel}, #{status}, #{relationNameId}, #{relationTypeId}, #{relationName}, #{relationData}, #{createTime}, #{createUser}, #{updateTime}, #{updateUser}, #{mchtId}, #{relationType}, #{idTypeRelated}, #{idNoRelated}, #{type})
    </insert>

    <insert id="insertBatch" keyProperty="id" useGeneratedKeys="true">
        insert into crm_relation_manager(id, user_id, name, mobile, user_id_related, name_related, mobile_related, src_channel, status, relation_name_id, relation_type_id, relation_name, relation_data, create_time, create_user, update_time, update_user, mcht_id, relation_type, id_type_related, id_no_related, type)
        values
        <foreach collection="entities" item="entity" separator=",">
        (#{entity.id}, #{entity.userId}, #{entity.name}, #{entity.mobile}, #{entity.userIdRelated}, #{entity.nameRelated}, #{entity.mobileRelated}, #{entity.srcChannel}, #{entity.status}, #{entity.relationNameId}, #{entity.relationTypeId}, #{entity.relationName}, #{entity.relationData}, #{entity.createTime}, #{entity.createUser}, #{entity.updateTime}, #{entity.updateUser}, #{entity.mchtId}, #{entity.relationType,, #{entity.type}
            ,#{entity.idTypeRelated}, #{entity.idNoRelated})
        </foreach>
    </insert>

    <insert id="insertOrUpdateBatch" keyProperty="id" useGeneratedKeys="true">
        insert into crm_relation_manager(id, user_id, name, mobile, user_id_related, name_related, mobile_related, src_channel, status, relation_name_id, relation_type_id, relation_name, relation_data, create_time, create_user, update_time, update_user, mcht_id, relation_type, id_type_related, id_no_related, type)
        values
        <foreach collection="entities" item="entity" separator=",">
            (#{entity.id}, #{entity.userId}, #{entity.name}, #{entity.mobile}, #{entity.userIdRelated}, #{entity.nameRelated}, #{entity.mobileRelated}, #{entity.srcChannel}, #{entity.status}, #{entity.relationNameId}, #{entity.relationTypeId}, #{entity.relationName}, #{entity.relationData}, #{entity.createTime}, #{entity.createUser}, #{entity.updateTime}, #{entity.updateUser}, #{entity.mchtId}, #{entity.relationType},#{entity.idTypeRelated}, #{entity.idNoRelated}, #{entity.type})
        </foreach>
        on duplicate key update
id = values(id),
user_id = values(user_id),
name = values(name),
mobile = values(mobile),
user_id_related = values(user_id_related),
name_related = values(name_related),
mobile_related = values(mobile_related),
src_channel = values(src_channel),
status = values(status),
relation_name_id = values(relation_name_id),
relation_type_id = values(relation_type_id),
relation_name = values(relation_name),
relation_data = values(relation_data),
create_time = values(create_time),
create_user = values(create_user),
update_time = values(update_time),
update_user = values(update_user),
mcht_id = values(mcht_id),
relation_type = values(relation_type)
    </insert>

    <!--通过主键修改数据-->
    <update id="update">
        update crm_relation_manager
        <set>
            <if test="name != null and name != ''">
                name = #{name},
            </if>
            <if test="mobile != null and mobile != ''">
                mobile = #{mobile},
            </if>
            <if test="userIdRelated != null">
                user_id_related = #{userIdRelated},
            </if>
            <if test="nameRelated != null and nameRelated != ''">
                name_related = #{nameRelated},
            </if>
            <if test="mobileRelated != null and mobileRelated != ''">
                mobile_related = #{mobileRelated},
            </if>
            <if test="srcChannel != null and srcChannel != ''">
                src_channel = #{srcChannel},
            </if>
            <if test="status != null and status != ''">
                status = #{status},
            </if>
            <if test="relationNameId != null">
                relation_name_id = #{relationNameId},
            </if>
            <if test="relationTypeId != null">
                relation_type_id = #{relationTypeId},
            </if>
            <if test="relationName != null and relationName != ''">
                relation_name = #{relationName},
            </if>
            <if test="relationData != null and relationData != ''">
                relation_data = #{relationData},
            </if>
            <if test="mchtId != null">
                mcht_id = #{mchtId},
            </if>
            <if test="relationType != null and relationType != ''">
                relation_type = #{relationType},
            </if>
            <if test="idTypeRelated != null and idTypeRelated != ''">
                id_type_related = #{idTypeRelated},
            </if>
            <if test="idNoRelated != null and idNoRelated != ''">
                id_no_related = #{idNoRelated},
            </if>
            <if test="type != null and type != ''">
                type = #{type}
            </if>
        </set>
        where id = #{id}
    </update>

    <!--通过主键删除-->
    <delete id="deleteById">
        delete from crm_relation_manager where id = #{id}
    </delete>

    <select id="queryByMchtId" parameterType="com.chinatechstar.crm.vo.CrmRelationManagerVO" resultMap="CrmRelationManagerMap">
        SELECT crm.user_id ,crm.name,cu.id_type,cu.id_no,MAX(case when (crm.update_time is null) then crm.create_time else crm.update_time end) update_time , GROUP_CONCAT(DISTINCT crm.relation_type) relation_type ,GROUP_CONCAT(DISTINCT crm.relation_name) relation_name
        from crm_relation_manager crm
        left join crm_user cu on crm.user_id = cu.user_id
        where 1 = 1
        <if test="relationTypeId != null">
            and crm.relation_type_id = #{relationTypeId}
        </if>
        <if test="mchtId != null">
            and crm.mcht_id = #{mchtId}
        </if>
        <if test="type != null and type != ''">
            and crm.type = #{type}
        </if>
        <if test="name != null and name != ''">
            and crm.name = #{name}
        </if>
        <if test="idType != null and idType != ''">
            and cu.id_type = #{idType}
        </if>
        <if test="idNo != null and idNo != ''">
            and cu.id_no = #{idNo}
        </if>
        group by crm.name,cu.id_type ,cu.id_no ,crm.user_id
    </select>
    <select id="queryRelationByUserId" parameterType="com.chinatechstar.crm.vo.CrmRelationManagerVO" resultMap="CrmRelationManagerMap">
        select crm.relation_type,crm.relation_name,crn.relation_property,crm.create_time,crm.update_time
            from  crm_relation_manager crm
                left join crm_relation_name crn on crm.relation_name = crn.relation_name
        where crm.user_id = #{userId}
        <if test="mchtId != null">
            and crm.mcht_id = #{mchtId}
        </if>
        <if test="relationTypeId != null">
            and crm.relation_type_id = #{relationTypeId}
        </if>
        <if test="relationType != null and relationType != ''">
            and crm.relation_type = #{relationType}
        </if>
        <if test="type != null and type != ''">
            and crm.type = #{type}
        </if>
    </select>
    <select id="queryByUserIdRelationTypeRelationName" parameterType="com.chinatechstar.crm.vo.CrmRelationManagerVO" resultMap="CrmRelationManagerMap">
        SELECT name_related,mobile_related,id_type_related,id_no_related,src_channel,create_user,create_time
        from  crm_relation_manager
        where user_id = #{userId} and relation_type = #{relationType} and relation_name = #{relationName}
        <if test="mchtId != null">
            and mcht_id = #{mchtId}
        </if>
        <if test="type != null and type != ''">
            and type = #{type}
        </if>
        <if test="mobileRelated != null and mobileRelated != ''">
            and mobile_related = #{mobileRelated}
        </if>
        <if test="nameRelated != null and nameRelated != ''">
            and name_related = #{nameRelated}
        </if>
        <if test="idTypeRelated != null and idTypeRelated != ''">
            and id_type_related = #{idTypeRelated}
        </if>
        <if test="idNoRelated != null and idNoRelated != ''">
            and id_no_related = #{idNoRelated}
        </if>
    </select>
</mapper>

