<?xml version="1.0" encoding="UTF-8"?>
<!DOCTYPE mapper PUBLIC "-//mybatis.org//DTD Mapper 3.0//EN" "http://mybatis.org/dtd/mybatis-3-mapper.dtd">
<mapper namespace="com.chinatechstar.crm.dao.CrmTaskNoticeDao">

    <resultMap type="com.chinatechstar.crm.entity.CrmTaskNotice" id="CrmTaskNoticeMap">
        <result property="id" column="id" jdbcType="INTEGER"/>
        <result property="taskName" column="task_name" jdbcType="VARCHAR"/>
        <result property="sendSmsOn" column="send_sms_on" jdbcType="VARCHAR"/>
        <result property="sendTime" column="send_time" jdbcType="INTEGER"/>
        <result property="sendRecycle" column="send_recycle" jdbcType="VARCHAR"/>
        <result property="benifitRelated" column="benifit_related" jdbcType="VARCHAR"/>
        <result property="sendContent" column="send_content" jdbcType="VARCHAR"/>
        <result property="createTime" column="create_time" jdbcType="TIMESTAMP"/>
        <result property="createUser" column="create_user" jdbcType="VARCHAR"/>
        <result property="updateTime" column="update_time" jdbcType="TIMESTAMP"/>
        <result property="updateUser" column="update_user" jdbcType="VARCHAR"/>
        <result property="characters" column="characters" jdbcType="VARCHAR"/>
        <result property="mchtId" column="mcht_id" jdbcType="VARCHAR"/>
    </resultMap>

    <!--查询单个-->
    <select id="queryById" resultMap="CrmTaskNoticeMap">
        select id,
               task_name,
               send_sms_on,
               send_time,
               send_recycle,
               benifit_related,
               send_content,
               create_time,
               create_user,
               update_time,
               update_user, characters, mcht_id
        from crm_task_notice
        where id = #{id}
    </select>

    <!--查询指定行数据-->
    <select id="queryAllByPage" resultMap="CrmTaskNoticeMap">
        select
        id, task_name, send_sms_on, send_time, send_recycle, benifit_related, send_content, create_time, create_user,
        update_time, update_user, charactersss, mcht_id
        from crm_task_notice
        where 1 = 1
        <if test="id != null">
            and id = #{id}
        </if>
        <if test="taskName != null and taskName != ''">
            and task_name = #{taskName}
        </if>
        <if test="sendSmsOn != null and sendSmsOn != ''">
            and send_sms_on = #{sendSmsOn}
        </if>
        <if test="sendTime != null">
            and send_time = #{sendTime}
        </if>
        <if test="sendRecycle != null and sendRecycle != ''">
            and send_recycle = #{sendRecycle}
        </if>
        <if test="benifitRelated != null and benifitRelated != ''">
            and benifit_related = #{benifitRelated}
        </if>
        <if test="sendContent != null and sendContent != ''">
            and send_content = #{sendContent}
        </if>
        <if test="createTime != null">
            and create_time = #{createTime}
        </if>
        <if test="createUser != null and createUser != ''">
            and create_user = #{createUser}
        </if>
        <if test="updateTime != null">
            and update_time = #{updateTime}
        </if>
        <if test="updateUser != null and updateUser != ''">
            and update_user = #{updateUser}
        </if>
        <if test="characterss != null and characterss != ''">
            and characters = #{characters}
        </if>
        <if test="mchtId != null and mchtId != ''">
            and mcht_id = #{mchtId}
        </if>

    </select>

    <!--统计总行数-->
    <select id="count" resultType="java.lang.Long">
        select count(1)
        from crm_task_notice
        where 1 = 1
        <if test="id != null">
            and id = #{id}
        </if>
        <if test="taskName != null and taskName != ''">
            and task_name = #{taskName}
        </if>
        <if test="sendSmsOn != null and sendSmsOn != ''">
            and send_sms_on = #{sendSmsOn}
        </if>
        <if test="sendTime != null">
            and send_time = #{sendTime}
        </if>
        <if test="sendRecycle != null and sendRecycle != ''">
            and send_recycle = #{sendRecycle}
        </if>
        <if test="benifitRelated != null and benifitRelated != ''">
            and benifit_related = #{benifitRelated}
        </if>
        <if test="sendContent != null and sendContent != ''">
            and send_content = #{sendContent}
        </if>
        <if test="createTime != null">
            and create_time = #{createTime}
        </if>
        <if test="createUser != null and createUser != ''">
            and create_user = #{createUser}
        </if>
        <if test="updateTime != null">
            and update_time = #{updateTime}
        </if>
        <if test="updateUser != null and updateUser != ''">
            and update_user = #{updateUser}
        </if>
        <if test="characters != null and characters != ''">
            and characters = #{characters}
        </if>
        <if test="mchtId != null and mchtId != ''">
            and mcht_id = #{mchtId}
        </if>

    </select>

    <!--新增所有列-->
    <insert id="insert" keyProperty="id" useGeneratedKeys="true">
        insert into crm_task_notice(id, task_name, send_sms_on, send_time, send_recycle, benifit_related, send_content,
                                    create_time, create_user, update_time, update_user, characters, mcht_id)
        values (#{id}, #{taskName}, #{sendSmsOn}, #{sendTime}, #{sendRecycle}, #{benifitRelated}, #{sendContent},
                #{createTime}, #{createUser}, #{updateTime}, #{updateUser}, #{characters}, #{mchtId})
    </insert>

    <insert id="insertBatch" keyProperty="id" useGeneratedKeys="true">
        insert into crm_task_notice(id, task_name, send_sms_on, send_time, send_recycle, benifit_related, send_content,
        create_time, create_user, update_time, update_user, characters, mcht_id)
        values
        <foreach collection="entities" item="entity" separator=",">
            (#{entity.id}, #{entity.taskName}, #{entity.sendSmsOn}, #{entity.sendTime}, #{entity.sendRecycle},
            #{entity.benifitRelated}, #{entity.sendContent}, #{entity.createTime}, #{entity.createUser},
            #{entity.updateTime}, #{entity.updateUser}, #{entity.characters}, #{entity.mchtId})
        </foreach>
    </insert>

    <insert id="insertOrUpdateBatch" keyProperty="id" useGeneratedKeys="true">
        insert into crm_task_notice(id, task_name, send_sms_on, send_time, send_recycle, benifit_related, send_content,
        create_time, create_user, update_time, update_user, characters, mcht_id)
        values
        <foreach collection="entities" item="entity" separator=",">
            (#{entity.id}, #{entity.taskName}, #{entity.sendSmsOn}, #{entity.sendTime}, #{entity.sendRecycle},
            #{entity.benifitRelated}, #{entity.sendContent}, #{entity.createTime}, #{entity.createUser},
            #{entity.updateTime}, #{entity.updateUser}, #{entity.characters}, #{entity.mchtId})
        </foreach>
        on duplicate key update
        id = values(id),
        task_name = values(task_name),
        send_sms_on = values(send_sms_on),
        send_time = values(send_time),
        send_recycle = values(send_recycle),
        benifit_related = values(benifit_related),
        send_content = values(send_content),
        create_time = values(create_time),
        create_user = values(create_user),
        update_time = values(update_time),
        update_user = values(update_user),
        characters = values(characters),
        mcht_id = values(mcht_id)
    </insert>

    <!--通过主键修改数据-->
    <update id="update">
        update crm_task_notice
        <set>
            <if test="taskName != null and taskName != ''">
                task_name = #{taskName},
            </if>
            <if test="sendSmsOn != null and sendSmsOn != ''">
                send_sms_on = #{sendSmsOn},
            </if>
            <if test="sendTime != null">
                send_time = #{sendTime},
            </if>
            <if test="sendRecycle != null and sendRecycle != ''">
                send_recycle = #{sendRecycle},
            </if>
            <if test="benifitRelated != null and benifitRelated != ''">
                benifit_related = #{benifitRelated},
            </if>
            <if test="sendContent != null and sendContent != ''">
                send_content = #{sendContent},
            </if>
            <if test="createTime != null">
                create_time = #{createTime},
            </if>
            <if test="createUser != null and createUser != ''">
                create_user = #{createUser},
            </if>
            <if test="updateTime != null">
                update_time = #{updateTime},
            </if>
            <if test="updateUser != null and updateUser != ''">
                update_user = #{updateUser},
            </if>
            <if test="characters != null and characters != ''">
                characters = #{characters},
            </if>
            <if test="mchtId != null and mchtId != ''">
                mcht_id = #{mchtId},
            </if>
        </set>
        where id = #{id}
    </update>

    <!--通过主键删除-->
    <delete id="deleteById">
        delete
        from crm_task_notice
        where id = #{id}
    </delete>

</mapper>

