<?xml version="1.0" encoding="UTF-8"?>
<!DOCTYPE mapper PUBLIC "-//mybatis.org//DTD Mapper 3.0//EN" "http://mybatis.org/dtd/mybatis-3-mapper.dtd">
<mapper namespace="com.chinatechstar.crm.dao.CrmUserHealthInfoDao">

    <resultMap type="com.chinatechstar.crm.entity.CrmUserHealthInfo" id="CrmUserHealthInfoMap">
        <result property="id" column="id" jdbcType="INTEGER"/>
        <result property="userId" column="user_id" jdbcType="VARCHAR"/>
        <result property="mchtId" column="mcht_id" jdbcType="VARCHAR"/>
        <result property="bloodType" column="blood_type" jdbcType="VARCHAR"/>
        <result property="feePayType" column="fee_pay_type" jdbcType="VARCHAR"/>
        <result property="allergy" column="allergy" jdbcType="VARCHAR"/>
        <result property="chronicDisease" column="chronic_disease" jdbcType="VARCHAR"/>
        <result property="createTime" column="create_time" jdbcType="TIMESTAMP"/>
        <result property="createUser" column="create_user" jdbcType="VARCHAR"/>
        <result property="updateTime" column="update_time" jdbcType="TIMESTAMP"/>
        <result property="updateUser" column="update_user" jdbcType="VARCHAR"/>
    </resultMap>

    <!--查询单个-->
    <select id="queryById" resultMap="CrmUserHealthInfoMap">
        select id,
               user_id,
               mcht_id,
               blood_type,
               fee_pay_type,
               allergy,
               chronic_disease,
               create_time,
               create_user,
               update_time,
               update_user
        from crm_user_health_info
        where id = #{id}
    </select>

    <!--查询指定行数据-->
    <select id="queryAllByPage" resultMap="CrmUserHealthInfoMap">
        select
        id, user_id, mcht_id, blood_type, fee_pay_type, allergy, chronic_disease, create_time, create_user, update_time,
        update_user
        from crm_user_health_info
        where 1 = 1
        <if test="id != null">
            and id = #{id}
        </if>
        <if test="userId != null and userId != ''">
            and user_id = #{userId}
        </if>
        <if test="mchtId != null and mchtId != ''">
            and mcht_id = #{mchtId}
        </if>
        <if test="bloodType != null and bloodType != ''">
            and blood_type = #{bloodType}
        </if>
        <if test="feePayType != null and feePayType != ''">
            and fee_pay_type = #{feePayType}
        </if>
        <if test="allergy != null and allergy != ''">
            and allergy = #{allergy}
        </if>
        <if test="chronicDisease != null and chronicDisease != ''">
            and chronic_disease = #{chronicDisease}
        </if>
        <if test="createTime != null">
            and create_time = #{createTime}
        </if>
        <if test="createUser != null and createUser != ''">
            and create_user = #{createUser}
        </if>
        <if test="updateTime != null">
            and update_time = #{updateTime}
        </if>
        <if test="updateUser != null and updateUser != ''">
            and update_user = #{updateUser}
        </if>
        order by create_time desc
    </select>

    <!--统计总行数-->
    <select id="count" resultType="java.lang.Long">
        select count(1)
        from crm_user_health_info
        where 1 = 1
        <if test="id != null">
            and id = #{id}
        </if>
        <if test="userId != null and userId != ''">
            and user_id = #{userId}
        </if>
        <if test="mchtId != null and mchtId != ''">
            and mcht_id = #{mchtId}
        </if>
        <if test="bloodType != null and bloodType != ''">
            and blood_type = #{bloodType}
        </if>
        <if test="feePayType != null and feePayType != ''">
            and fee_pay_type = #{feePayType}
        </if>
        <if test="allergy != null and allergy != ''">
            and allergy = #{allergy}
        </if>
        <if test="chronicDisease != null and chronicDisease != ''">
            and chronic_disease = #{chronicDisease}
        </if>
        <if test="createTime != null">
            and create_time = #{createTime}
        </if>
        <if test="createUser != null and createUser != ''">
            and create_user = #{createUser}
        </if>
        <if test="updateTime != null">
            and update_time = #{updateTime}
        </if>
        <if test="updateUser != null and updateUser != ''">
            and update_user = #{updateUser}
        </if>

    </select>

    <!--新增所有列-->
    <insert id="insert" keyProperty="id" useGeneratedKeys="true">
        insert into crm_user_health_info(id, user_id, mcht_id, blood_type, fee_pay_type, allergy, chronic_disease,
                                         create_time, create_user, update_time, update_user)
        values (#{id}, #{userId}, #{mchtId}, #{bloodType}, #{feePayType}, #{allergy}, #{chronicDisease}, #{createTime},
                #{createUser}, #{updateTime}, #{updateUser})
    </insert>

    <insert id="insertBatch" keyProperty="id" useGeneratedKeys="true">
        insert into crm_user_health_info(id, user_id, mcht_id, blood_type, fee_pay_type, allergy, chronic_disease,
        create_time, create_user, update_time, update_user)
        values
        <foreach collection="entities" item="entity" separator=",">
            (#{entity.id}, #{entity.userId}, #{entity.mchtId}, #{entity.bloodType}, #{entity.feePayType},
            #{entity.allergy}, #{entity.chronicDisease}, #{entity.createTime}, #{entity.createUser},
            #{entity.updateTime}, #{entity.updateUser})
        </foreach>
    </insert>

    <insert id="insertOrUpdateBatch" keyProperty="id" useGeneratedKeys="true">
        insert into crm_user_health_info(id, user_id, mcht_id, blood_type, fee_pay_type, allergy, chronic_disease,
        create_time, create_user, update_time, update_user)
        values
        <foreach collection="entities" item="entity" separator=",">
            (#{entity.id}, #{entity.userId}, #{entity.mchtId}, #{entity.bloodType}, #{entity.feePayType},
            #{entity.allergy}, #{entity.chronicDisease}, #{entity.createTime}, #{entity.createUser},
            #{entity.updateTime}, #{entity.updateUser})
        </foreach>
        on duplicate key update
        id = values(id),
        user_id = values(user_id),
        mcht_id = values(mcht_id),
        blood_type = values(blood_type),
        fee_pay_type = values(fee_pay_type),
        allergy = values(allergy),
        chronic_disease = values(chronic_disease),
        create_time = values(create_time),
        create_user = values(create_user),
        update_time = values(update_time),
        update_user = values(update_user)
    </insert>

    <!--通过主键修改数据-->
    <update id="update">
        update crm_user_health_info
        <set>
            <if test="userId != null and userId != ''">
                user_id = #{userId},
            </if>
            <if test="mchtId != null and mchtId != ''">
                mcht_id = #{mchtId},
            </if>
            <if test="bloodType != null and bloodType != ''">
                blood_type = #{bloodType},
            </if>
            <if test="feePayType != null and feePayType != ''">
                fee_pay_type = #{feePayType},
            </if>
            <if test="allergy != null and allergy != ''">
                allergy = #{allergy},
            </if>
            <if test="chronicDisease != null and chronicDisease != ''">
                chronic_disease = #{chronicDisease},
            </if>
            <if test="createTime != null">
                create_time = #{createTime},
            </if>
            <if test="createUser != null and createUser != ''">
                create_user = #{createUser},
            </if>
            <if test="updateTime != null">
                update_time = #{updateTime},
            </if>
            <if test="updateUser != null and updateUser != ''">
                update_user = #{updateUser},
            </if>
        </set>
        where id = #{id}
    </update>

    <!--通过主键删除-->
    <delete id="deleteById">
        delete
        from crm_user_health_info
        where id = #{id}
    </delete>

</mapper>

