<?xml version="1.0" encoding="UTF-8"?>
<!DOCTYPE mapper PUBLIC "-//mybatis.org//DTD Mapper 3.0//EN" "http://mybatis.org/dtd/mybatis-3-mapper.dtd">
<mapper namespace="com.chinatechstar.crm.dao.CrmUserAddressDao">

    <resultMap type="com.chinatechstar.crm.entity.CrmUserAddress" id="CrmUserAddressMap">
        <result property="id" column="id" jdbcType="VARCHAR"/>
        <result property="userId" column="user_id" jdbcType="VARCHAR"/>
        <result property="mchtId" column="mcht_id" jdbcType="VARCHAR"/>
        <result property="addressType" column="address_type" jdbcType="VARCHAR"/>
        <result property="provice" column="provice" jdbcType="VARCHAR"/>
        <result property="city" column="city" jdbcType="VARCHAR"/>
        <result property="county" column="county" jdbcType="VARCHAR"/>
        <result property="address" column="address" jdbcType="VARCHAR"/>
        <result property="createTime" column="create_time" jdbcType="TIMESTAMP"/>
        <result property="createUser" column="create_user" jdbcType="VARCHAR"/>
        <result property="updateTime" column="update_time" jdbcType="TIMESTAMP"/>
        <result property="updateUser" column="update_user" jdbcType="VARCHAR"/>
    </resultMap>

    <!--查询单个-->
    <select id="queryById" resultMap="CrmUserAddressMap">
        select id,
               user_id,
               mcht_id,
               address_type,
               provice,
               city,
               county,
               address,
               create_time,
               create_user,
               update_time,
               update_user
        from crm_user_address
        where id = #{id}
    </select>

    <!--查询指定行数据-->
    <select id="queryAllByPage" resultMap="CrmUserAddressMap">
        select
        id, user_id, mcht_id, address_type, provice, city, county, address, create_time, create_user, update_time,
        update_user
        from crm_user_address
        where 1 = 1
        <if test="id != null and id != ''">
            and id = #{id}
        </if>
        <if test="userId != null and userId != ''">
            and user_id = #{userId}
        </if>
        <if test="mchtId != null and mchtId != ''">
            and mcht_id = #{mchtId}
        </if>
        <if test="addressType != null and addressType != ''">
            and address_type = #{addressType}
        </if>
        <if test="provice != null and provice != ''">
            and provice = #{provice}
        </if>
        <if test="city != null and city != ''">
            and city = #{city}
        </if>
        <if test="county != null and county != ''">
            and county = #{county}
        </if>
        <if test="address != null and address != ''">
            and address = #{address}
        </if>
        <if test="createTime != null">
            and create_time = #{createTime}
        </if>
        <if test="createUser != null and createUser != ''">
            and create_user = #{createUser}
        </if>
        <if test="updateTime != null">
            and update_time = #{updateTime}
        </if>
        <if test="updateUser != null and updateUser != ''">
            and update_user = #{updateUser}
        </if>

    </select>

    <!--统计总行数-->
    <select id="count" resultType="java.lang.Long">
        select count(1)
        from crm_user_address
        where 1 = 1
        <if test="id != null and id != ''">
            and id = #{id}
        </if>
        <if test="userId != null and userId != ''">
            and user_id = #{userId}
        </if>
        <if test="mchtId != null and mchtId != ''">
            and mcht_id = #{mchtId}
        </if>
        <if test="addressType != null and addressType != ''">
            and address_type = #{addressType}
        </if>
        <if test="provice != null and provice != ''">
            and provice = #{provice}
        </if>
        <if test="city != null and city != ''">
            and city = #{city}
        </if>
        <if test="county != null and county != ''">
            and county = #{county}
        </if>
        <if test="address != null and address != ''">
            and address = #{address}
        </if>
        <if test="createTime != null">
            and create_time = #{createTime}
        </if>
        <if test="createUser != null and createUser != ''">
            and create_user = #{createUser}
        </if>
        <if test="updateTime != null">
            and update_time = #{updateTime}
        </if>
        <if test="updateUser != null and updateUser != ''">
            and update_user = #{updateUser}
        </if>

    </select>

    <!--新增所有列-->
    <insert id="insert" keyProperty="id" useGeneratedKeys="true">
        insert into crm_user_address(id, user_id, mcht_id, address_type, provice, city, county, address, create_time,
                                     create_user, update_time, update_user)
        values (#{id}, #{userId}, #{mchtId}, #{addressType}, #{provice}, #{city}, #{county}, #{address}, #{createTime},
                #{createUser}, #{updateTime}, #{updateUser})
    </insert>

    <insert id="insertBatch" keyProperty="id" useGeneratedKeys="true">
        insert into crm_user_address(id, user_id, mcht_id, address_type, provice, city, county, address, create_time,
        create_user, update_time, update_user)
        values
        <foreach collection="entities" item="entity" separator=",">
            (#{entity.id}, #{entity.userId}, #{entity.mchtId}, #{entity.addressType}, #{entity.provice}, #{entity.city},
            #{entity.county}, #{entity.address}, #{entity.createTime}, #{entity.createUser}, #{entity.updateTime},
            #{entity.updateUser})
        </foreach>
    </insert>

    <insert id="insertOrUpdateBatch" keyProperty="id" useGeneratedKeys="true">
        insert into crm_user_address(id, user_id, mcht_id, address_type, provice, city, county, address, create_time,
        create_user, update_time, update_user)
        values
        <foreach collection="entities" item="entity" separator=",">
            (#{entity.id}, #{entity.userId}, #{entity.mchtId}, #{entity.addressType}, #{entity.provice}, #{entity.city},
            #{entity.county}, #{entity.address}, #{entity.createTime}, #{entity.createUser}, #{entity.updateTime},
            #{entity.updateUser})
        </foreach>
        on duplicate key update
        id = values(id),
        user_id = values(user_id),
        mcht_id = values(mcht_id),
        address_type = values(address_type),
        provice = values(provice),
        city = values(city),
        county = values(county),
        address = values(address),
        create_time = values(create_time),
        create_user = values(create_user),
        update_time = values(update_time),
        update_user = values(update_user)
    </insert>

    <!--通过主键修改数据-->
    <update id="update">
        update crm_user_address
        <set>
            <if test="userId != null and userId != ''">
                user_id = #{userId},
            </if>
            <if test="mchtId != null and mchtId != ''">
                mcht_id = #{mchtId},
            </if>
            <if test="addressType != null and addressType != ''">
                address_type = #{addressType},
            </if>
            <if test="provice != null and provice != ''">
                provice = #{provice},
            </if>
            <if test="city != null and city != ''">
                city = #{city},
            </if>
            <if test="county != null and county != ''">
                county = #{county},
            </if>
            <if test="address != null and address != ''">
                address = #{address},
            </if>
            <if test="createTime != null">
                create_time = #{createTime},
            </if>
            <if test="createUser != null and createUser != ''">
                create_user = #{createUser},
            </if>
            <if test="updateTime != null">
                update_time = #{updateTime},
            </if>
            <if test="updateUser != null and updateUser != ''">
                update_user = #{updateUser},
            </if>
        </set>
        where id = #{id}
    </update>

    <!--通过主键删除-->
    <delete id="deleteById">
        delete
        from crm_user_address
        where id = #{id}
    </delete>

</mapper>

