<?xml version="1.0" encoding="UTF-8"?>
<!DOCTYPE mapper PUBLIC "-//mybatis.org//DTD Mapper 3.0//EN" "http://mybatis.org/dtd/mybatis-3-mapper.dtd">
<mapper namespace="com.chinatechstar.crm.dao.CrmUserRelationDao">

    <resultMap type="com.chinatechstar.crm.entity.CrmUserRelation" id="CrmUserRelationMap">
        <result property="id" column="id" jdbcType="INTEGER"/>
        <result property="userId" column="user_id" jdbcType="INTEGER"/>
        <result property="name" column="name" jdbcType="VARCHAR"/>
        <result property="mobile" column="mobile" jdbcType="VARCHAR"/>
        <result property="userIdRelated" column="user_id_related" jdbcType="INTEGER"/>
        <result property="nameRelated" column="name_related" jdbcType="VARCHAR"/>
        <result property="mobileRelated" column="mobile_related" jdbcType="VARCHAR"/>
        <result property="srcChannel" column="src_channel" jdbcType="VARCHAR"/>
        <result property="relationNameId" column="relation_name_id" jdbcType="INTEGER"/>
        <result property="relationName" column="relation_name" jdbcType="VARCHAR"/>
        <result property="relationData" column="relation_data" jdbcType="VARCHAR"/>
        <result property="type" column="type" jdbcType="VARCHAR"/>
        <result property="mchtId" column="mcht_id" jdbcType="INTEGER"/>
        <result property="createTime" column="create_time" jdbcType="TIMESTAMP"/>
        <result property="createUser" column="create_user" jdbcType="VARCHAR"/>
        <result property="updateTime" column="update_time" jdbcType="TIMESTAMP"/>
        <result property="updateUser" column="update_user" jdbcType="VARCHAR"/>
    </resultMap>

    <!--查询单个-->
    <select id="queryById" resultMap="CrmUserRelationMap">
        select id,
               user_id,
               name,
               mobile,
               user_id_related,
               name_related,
               mobile_related,
               src_channel,
               relation_name_id,
               relation_name,
               relation_data,
               type,
               mcht_id,
               create_time,
               create_user,
               update_time,
               update_user
        from crm_user_relation
        where id = #{id}
    </select>

    <!--查询指定行数据-->
    <select id="queryByPage" resultMap="CrmUserRelationMap">
        select
        id, user_id, name, mobile, user_id_related, name_related, mobile_related, src_channel, relation_name_id,
        relation_name, relation_data, type, mcht_id, create_time, create_user, update_time, update_user
        from crm_user_relation
        where 1 = 1
        <if test="userId != null">
            and user_id = #{userId}
        </if>
        <if test="name != null and name != ''">
            and name = #{name}
        </if>
<!--        <if test="mobile != null and mobile != ''">-->
<!--            and mobile = #{mobile}-->
<!--        </if>-->
<!--        <if test="userIdRelated != null">-->
<!--            and user_id_related = #{userIdRelated}-->
<!--        </if>-->
<!--        <if test="nameRelated != null and nameRelated != ''">-->
<!--            and name_related = #{nameRelated}-->
<!--        </if>-->
<!--        <if test="mobileRelated != null and mobileRelated != ''">-->
<!--            and mobile_related = #{mobileRelated}-->
<!--        </if>-->
<!--        <if test="srcChannel != null and srcChannel != ''">-->
<!--            and src_channel = #{srcChannel}-->
<!--        </if>-->
<!--        <if test="relationNameId != null">-->
<!--            and relation_name_id = #{relationNameId}-->
<!--        </if>-->
<!--        <if test="relationName != null and relationName != ''">-->
<!--            and relation_name = #{relationName}-->
<!--        </if>-->
<!--        <if test="relationData != null and relationData != ''">-->
<!--            and relation_data = #{relationData}-->
<!--        </if>-->
        <if test="type != null and type != ''">
            and type = #{type}
        </if>
        <if test="mchtId != null">
            and mcht_id = #{mchtId}
        </if>
        order by create_time
    </select>

    <!--统计总行数-->
    <select id="count" resultType="java.lang.Long">
        select count(1)
        from crm_user_relation
        where 1 = 1
        <if test="id != null">
            and id = #{id}
        </if>
        <if test="userId != null">
            and user_id = #{userId}
        </if>
        <if test="name != null and name != ''">
            and name = #{name}
        </if>
<!--        <if test="mobile != null and mobile != ''">-->
<!--            and mobile = #{mobile}-->
<!--        </if>-->
<!--        <if test="userIdRelated != null">-->
<!--            and user_id_related = #{userIdRelated}-->
<!--        </if>-->
<!--        <if test="nameRelated != null and nameRelated != ''">-->
<!--            and name_related = #{nameRelated}-->
<!--        </if>-->
<!--        <if test="mobileRelated != null and mobileRelated != ''">-->
<!--            and mobile_related = #{mobileRelated}-->
<!--        </if>-->
<!--        <if test="srcChannel != null and srcChannel != ''">-->
<!--            and src_channel = #{srcChannel}-->
<!--        </if>-->
<!--        <if test="relationNameId != null">-->
<!--            and relation_name_id = #{relationNameId}-->
<!--        </if>-->
<!--        <if test="relationName != null and relationName != ''">-->
<!--            and relation_name = #{relationName}-->
<!--        </if>-->
<!--        <if test="relationData != null and relationData != ''">-->
<!--            and relation_data = #{relationData}-->
<!--        </if>-->
        <if test="type != null and type != ''">
            and type = #{type}
        </if>
        <if test="mchtId != null">
            and mcht_id = #{mchtId}
        </if>
<!--        <if test="createTime != null">-->
<!--            and create_time = #{createTime}-->
<!--        </if>-->
<!--        <if test="createUser != null and createUser != ''">-->
<!--            and create_user = #{createUser}-->
<!--        </if>-->
<!--        <if test="updateTime != null">-->
<!--            and update_time = #{updateTime}-->
<!--        </if>-->
<!--        <if test="updateUser != null and updateUser != ''">-->
<!--            and update_user = #{updateUser}-->
<!--        </if>-->

    </select>

    <!--新增所有列-->
    <insert id="insert" keyProperty="id" useGeneratedKeys="true">
        insert into crm_user_relation(id, user_id, name, mobile, user_id_related, name_related, mobile_related,
                                      src_channel, relation_name_id, relation_name, relation_data, type, mcht_id,
                                      create_time, create_user, update_time, update_user)
        values (#{id}, #{userId}, #{name}, #{mobile}, #{userIdRelated}, #{nameRelated}, #{mobileRelated}, #{srcChannel},
                #{relationNameId}, #{relationName}, #{relationData}, #{type}, #{mchtId}, #{createTime}, #{createUser},
                #{updateTime}, #{updateUser})
    </insert>

    <insert id="insertBatch" keyProperty="id" useGeneratedKeys="true">
        insert into crm_user_relation(id, user_id, name, mobile, user_id_related, name_related, mobile_related,
        src_channel, relation_name_id, relation_name, relation_data, type, mcht_id, create_time, create_user,
        update_time, update_user)
        values
        <foreach collection="entities" item="entity" separator=",">
            (#{entity.id}, #{entity.userId}, #{entity.name}, #{entity.mobile}, #{entity.userIdRelated},
            #{entity.nameRelated}, #{entity.mobileRelated}, #{entity.srcChannel}, #{entity.relationNameId},
            #{entity.relationName}, #{entity.relationData}, #{entity.type}, #{entity.mchtId}, #{entity.createTime},
            #{entity.createUser}, #{entity.updateTime}, #{entity.updateUser})
        </foreach>
    </insert>

    <insert id="insertOrUpdateBatch" keyProperty="id" useGeneratedKeys="true">
        insert into crm_user_relation(id, user_id, name, mobile, user_id_related, name_related, mobile_related,
        src_channel, relation_name_id, relation_name, relation_data, type, mcht_id, create_time, create_user,
        update_time, update_user)
        values
        <foreach collection="entities" item="entity" separator=",">
            (#{entity.id}, #{entity.userId}, #{entity.name}, #{entity.mobile}, #{entity.userIdRelated},
            #{entity.nameRelated}, #{entity.mobileRelated}, #{entity.srcChannel}, #{entity.relationNameId},
            #{entity.relationName}, #{entity.relationData}, #{entity.type}, #{entity.mchtId}, #{entity.createTime},
            #{entity.createUser}, #{entity.updateTime}, #{entity.updateUser})
        </foreach>
        on duplicate key update
        id = values(id),
        user_id = values(user_id),
        name = values(name),
        mobile = values(mobile),
        user_id_related = values(user_id_related),
        name_related = values(name_related),
        mobile_related = values(mobile_related),
        src_channel = values(src_channel),
        relation_name_id = values(relation_name_id),
        relation_name = values(relation_name),
        relation_data = values(relation_data),
        type = values(type),
        mcht_id = values(mcht_id),
        create_time = values(create_time),
        create_user = values(create_user),
        update_time = values(update_time),
        update_user = values(update_user)
    </insert>

    <!--通过主键修改数据-->
    <update id="update">
        update crm_user_relation
        <set>
            <if test="userId != null">
                user_id = #{userId},
            </if>
            <if test="name != null and name != ''">
                name = #{name},
            </if>
            <if test="mobile != null and mobile != ''">
                mobile = #{mobile},
            </if>
            <if test="userIdRelated != null">
                user_id_related = #{userIdRelated},
            </if>
            <if test="nameRelated != null and nameRelated != ''">
                name_related = #{nameRelated},
            </if>
            <if test="mobileRelated != null and mobileRelated != ''">
                mobile_related = #{mobileRelated},
            </if>
            <if test="srcChannel != null and srcChannel != ''">
                src_channel = #{srcChannel},
            </if>
            <if test="relationNameId != null">
                relation_name_id = #{relationNameId},
            </if>
            <if test="relationName != null and relationName != ''">
                relation_name = #{relationName},
            </if>
            <if test="relationData != null and relationData != ''">
                relation_data = #{relationData},
            </if>
            <if test="type != null and type != ''">
                type = #{type},
            </if>
            <if test="mchtId != null">
                mcht_id = #{mchtId},
            </if>
            <if test="createTime != null">
                create_time = #{createTime},
            </if>
            <if test="createUser != null and createUser != ''">
                create_user = #{createUser},
            </if>
            <if test="updateTime != null">
                update_time = #{updateTime},
            </if>
            <if test="updateUser != null and updateUser != ''">
                update_user = #{updateUser},
            </if>
        </set>
        where id = #{id}
    </update>

    <!--通过主键删除-->
    <delete id="deleteById">
        delete
        from crm_user_relation
        where id = #{id}
    </delete>

</mapper>

