<?xml version="1.0" encoding="UTF-8"?>
<!DOCTYPE mapper PUBLIC "-//mybatis.org//DTD Mapper 3.0//EN" "http://mybatis.org/dtd/mybatis-3-mapper.dtd">
<mapper namespace="com.chinatechstar.crm.dao.CrmUserInfoGraduationDao">

    <resultMap type="com.chinatechstar.crm.entity.CrmUserInfoGraduation" id="CrmUserInfoGraduationMap">
        <result property="id" column="id" jdbcType="INTEGER"/>
        <result property="userId" column="user_id" jdbcType="INTEGER"/>
        <result property="mchtId" column="mcht_id" jdbcType="INTEGER"/>
        <result property="schoolName" column="school_name" jdbcType="VARCHAR"/>
        <result property="schoolProp" column="school_prop" jdbcType="VARCHAR"/>
        <result property="schoolAddress" column="school_address" jdbcType="VARCHAR"/>
        <result property="degree" column="degree" jdbcType="VARCHAR"/>
        <result property="schoolYear" column="school_year" jdbcType="INTEGER"/>
        <result property="createTime" column="create_time" jdbcType="TIMESTAMP"/>
        <result property="createUser" column="create_user" jdbcType="VARCHAR"/>
        <result property="updateTime" column="update_time" jdbcType="TIMESTAMP"/>
        <result property="updateUser" column="update_user" jdbcType="VARCHAR"/>
    </resultMap>

    <!--查询单个-->
    <select id="queryById" resultMap="CrmUserInfoGraduationMap">
        select id,
               user_id,
               mcht_id,
               school_name,
               school_prop,
               school_address,
               degree,
               school_year,
               create_time,
               create_user,
               update_time,
               update_user
        from crm_user_info_graduation
        where id = #{id}
    </select>

    <!--查询指定行数据-->
    <select id="queryAllByPage" resultMap="CrmUserInfoGraduationMap">
        select
        id, user_id, mcht_id, school_name, school_prop, school_address, degree, school_year, create_time, create_user,
        update_time, update_user
        from crm_user_info_graduation
        where 1 = 1
        <if test="userId != null">
            and user_id = #{userId}
        </if>
        <if test="mchtId != null">
            and mcht_id = #{mchtId}
        </if>
        <if test="schoolName != null and schoolName != ''">
            and school_name LIKE CONCAT('%', #{schoolName}, '%')
        </if>
        order by create_time desc
    </select>

    <!--统计总行数-->
    <select id="count" resultType="java.lang.Long">
        select count(1)
        from crm_user_info_graduation
        where 1 = 1
        <if test="userId != null">
            and user_id = #{userId}
        </if>
        <if test="mchtId != null">
            and mcht_id = #{mchtId}
        </if>
    </select>

    <!--新增所有列-->
    <insert id="insert" keyProperty="id" useGeneratedKeys="true">
        insert into crm_user_info_graduation(id, user_id, mcht_id, school_name, school_prop, school_address, degree,
                                             school_year, create_time, create_user, update_time, update_user)
        values (#{id}, #{userId}, #{mchtId}, #{schoolName}, #{schoolProp}, #{schoolAddress}, #{degree}, #{schoolYear},
                #{createTime}, #{createUser}, #{updateTime}, #{updateUser})
    </insert>

    <insert id="insertBatch" keyProperty="id" useGeneratedKeys="true">
        insert into crm_user_info_graduation(id, user_id, mcht_id, school_name, school_prop, school_address, degree,
        school_year, create_time, create_user, update_time, update_user)
        values
        <foreach collection="entities" item="entity" separator=",">
            (#{entity.id}, #{entity.userId}, #{entity.mchtId}, #{entity.schoolName}, #{entity.schoolProp},
            #{entity.schoolAddress}, #{entity.degree}, #{entity.schoolYear}, #{entity.createTime}, #{entity.createUser},
            #{entity.updateTime}, #{entity.updateUser})
        </foreach>
    </insert>

    <insert id="insertOrUpdateBatch" keyProperty="id" useGeneratedKeys="true">
        insert into crm_user_info_graduation(id, user_id, mcht_id, school_name, school_prop, school_address, degree,
        school_year, create_time, create_user, update_time, update_user)
        values
        <foreach collection="entities" item="entity" separator=",">
            (#{entity.id}, #{entity.userId}, #{entity.mchtId}, #{entity.schoolName}, #{entity.schoolProp},
            #{entity.schoolAddress}, #{entity.degree}, #{entity.schoolYear}, #{entity.createTime}, #{entity.createUser},
            #{entity.updateTime}, #{entity.updateUser})
        </foreach>
        on duplicate key update
        id = values(id),
        user_id = values(user_id),
        mcht_id = values(mcht_id),
        school_name = values(school_name),
        school_prop = values(school_prop),
        school_address = values(school_address),
        degree = values(degree),
        school_year = values(school_year),
        create_time = values(create_time),
        create_user = values(create_user),
        update_time = values(update_time),
        update_user = values(update_user)
    </insert>

    <!--通过主键修改数据-->
    <update id="update">
        update crm_user_info_graduation
        <set>
            <if test="schoolName != null and schoolName != ''">
                school_name = #{schoolName},
            </if>
            <if test="schoolProp != null and schoolProp != ''">
                school_prop = #{schoolProp},
            </if>
            <if test="schoolAddress != null and schoolAddress != ''">
                school_address = #{schoolAddress},
            </if>
            <if test="degree != null and degree != ''">
                degree = #{degree},
            </if>
            <if test="schoolYear != null">
                school_year = #{schoolYear},
            </if>
            <if test="updateTime != null">
                update_time = #{updateTime},
            </if>
            <if test="updateUser != null and updateUser != ''">
                update_user = #{updateUser},
            </if>
        </set>
        where id = #{id}
    </update>

    <!--通过主键删除-->
    <delete id="deleteById">
        delete
        from crm_user_info_graduation
        where id = #{id}
    </delete>

</mapper>

