<?xml version="1.0" encoding="UTF-8"?>
<!DOCTYPE mapper PUBLIC "-//mybatis.org//DTD Mapper 3.0//EN" "http://mybatis.org/dtd/mybatis-3-mapper.dtd">
<mapper namespace="com.chinatechstar.crm.dao.CrmUserJxsDao">

    <resultMap type="com.chinatechstar.crm.entity.CrmUserJxs" id="CrmUserJxsMap">
        <result property="userId" column="user_id" jdbcType="VARCHAR"/>
        <result property="name" column="name" jdbcType="VARCHAR"/>
        <result property="sex" column="sex" jdbcType="VARCHAR"/>
        <result property="mobile" column="mobile" jdbcType="VARCHAR"/>
        <result property="createTime" column="create_time" jdbcType="TIMESTAMP"/>
        <result property="sellAmtSum" column="sell_amt_sum" jdbcType="VARCHAR"/>
        <result property="buyAmtSum" column="buy_amt_sum" jdbcType="VARCHAR"/>
        <result property="grade" column="grade" jdbcType="VARCHAR"/>
        <result property="srcChannel" column="src_channel" jdbcType="VARCHAR"/>
        <result property="mchtId" column="mcht_id" jdbcType="VARCHAR"/>
        <result property="updateTime" column="update_time" jdbcType="TIMESTAMP"/>
    </resultMap>

    <!--查询单个-->
    <select id="queryById" resultMap="CrmUserJxsMap">
        select user_id,
               name,
               sex,
               mobile,
               create_time,
               sell_amt_sum,
               buy_amt_sum,
               grade,
               src_channel,
               mcht_id,
               update_time
        from crm_user_jxs
        where user_id = #{userId}
    </select>

    <!--查询指定行数据-->
    <select id="queryAllByPage" resultMap="CrmUserJxsMap">
        select
        user_id, name, sex, mobile, create_time, sell_amt_sum, buy_amt_sum, grade, src_channel, mcht_id, update_time
        from crm_user_jxs
        where 1 = 1
        <if test="userId != null and userId != ''">
            and user_id = #{userId}
        </if>
        <if test="name != null and name != ''">
            and name = #{name}
        </if>
        <if test="sex != null and sex != ''">
            and sex = #{sex}
        </if>
        <if test="mobile != null and mobile != ''">
            and mobile = #{mobile}
        </if>
        <if test="createTime != null">
            and create_time = #{createTime}
        </if>
        <if test="sellAmtSum != null and sellAmtSum != ''">
            and sell_amt_sum = #{sellAmtSum}
        </if>
        <if test="buyAmtSum != null and buyAmtSum != ''">
            and buy_amt_sum = #{buyAmtSum}
        </if>
        <if test="grade != null and grade != ''">
            and grade = #{grade}
        </if>
        <if test="srcChannel != null and srcChannel != ''">
            and src_channel = #{srcChannel}
        </if>
        <if test="mchtId != null and mchtId != ''">
            and mcht_id = #{mchtId}
        </if>
        <if test="updateTime != null">
            and update_time = #{updateTime}
        </if>

    </select>

    <!--统计总行数-->
    <select id="count" resultType="java.lang.Long">
        select count(1)
        from crm_user_jxs
        where 1 = 1
        <if test="userId != null and userId != ''">
            and user_id = #{userId}
        </if>
        <if test="name != null and name != ''">
            and name = #{name}
        </if>
        <if test="sex != null and sex != ''">
            and sex = #{sex}
        </if>
        <if test="mobile != null and mobile != ''">
            and mobile = #{mobile}
        </if>
        <if test="createTime != null">
            and create_time = #{createTime}
        </if>
        <if test="sellAmtSum != null and sellAmtSum != ''">
            and sell_amt_sum = #{sellAmtSum}
        </if>
        <if test="buyAmtSum != null and buyAmtSum != ''">
            and buy_amt_sum = #{buyAmtSum}
        </if>
        <if test="grade != null and grade != ''">
            and grade = #{grade}
        </if>
        <if test="srcChannel != null and srcChannel != ''">
            and src_channel = #{srcChannel}
        </if>
        <if test="mchtId != null and mchtId != ''">
            and mcht_id = #{mchtId}
        </if>
        <if test="updateTime != null">
            and update_time = #{updateTime}
        </if>

    </select>

    <!--新增所有列-->
    <insert id="insert" keyProperty="userId" useGeneratedKeys="true">
        insert into crm_user_jxs(user_id, name, sex, mobile, create_time, sell_amt_sum, buy_amt_sum, grade, src_channel,
                                 mcht_id, update_time)
        values (#{userId}, #{name}, #{sex}, #{mobile}, #{createTime}, #{sellAmtSum}, #{buyAmtSum}, #{grade},
                #{srcChannel}, #{mchtId}, #{updateTime})
    </insert>

    <insert id="insertBatch" keyProperty="userId" useGeneratedKeys="true">
        insert into crm_user_jxs(user_id, name, sex, mobile, create_time, sell_amt_sum, buy_amt_sum, grade, src_channel,
        mcht_id, update_time)
        values
        <foreach collection="entities" item="entity" separator=",">
            (#{entity.userId}, #{entity.name}, #{entity.sex}, #{entity.mobile}, #{entity.createTime},
            #{entity.sellAmtSum}, #{entity.buyAmtSum}, #{entity.grade}, #{entity.srcChannel}, #{entity.mchtId},
            #{entity.updateTime})
        </foreach>
    </insert>

    <insert id="insertOrUpdateBatch" keyProperty="userId" useGeneratedKeys="true">
        insert into crm_user_jxs(user_id, name, sex, mobile, create_time, sell_amt_sum, buy_amt_sum, grade, src_channel,
        mcht_id, update_time)
        values
        <foreach collection="entities" item="entity" separator=",">
            (#{entity.userId}, #{entity.name}, #{entity.sex}, #{entity.mobile}, #{entity.createTime},
            #{entity.sellAmtSum}, #{entity.buyAmtSum}, #{entity.grade}, #{entity.srcChannel}, #{entity.mchtId},
            #{entity.updateTime})
        </foreach>
        on duplicate key update
        user_id = values(user_id),
        name = values(name),
        sex = values(sex),
        mobile = values(mobile),
        create_time = values(create_time),
        sell_amt_sum = values(sell_amt_sum),
        buy_amt_sum = values(buy_amt_sum),
        grade = values(grade),
        src_channel = values(src_channel),
        mcht_id = values(mcht_id),
        update_time = values(update_time)
    </insert>

    <!--通过主键修改数据-->
    <update id="update">
        update crm_user_jxs
        <set>
            <if test="name != null and name != ''">
                name = #{name},
            </if>
            <if test="sex != null and sex != ''">
                sex = #{sex},
            </if>
            <if test="mobile != null and mobile != ''">
                mobile = #{mobile},
            </if>
            <if test="createTime != null">
                create_time = #{createTime},
            </if>
            <if test="sellAmtSum != null and sellAmtSum != ''">
                sell_amt_sum = #{sellAmtSum},
            </if>
            <if test="buyAmtSum != null and buyAmtSum != ''">
                buy_amt_sum = #{buyAmtSum},
            </if>
            <if test="grade != null and grade != ''">
                grade = #{grade},
            </if>
            <if test="srcChannel != null and srcChannel != ''">
                src_channel = #{srcChannel},
            </if>
            <if test="mchtId != null and mchtId != ''">
                mcht_id = #{mchtId},
            </if>
            <if test="updateTime != null">
                update_time = #{updateTime},
            </if>
        </set>
        where user_id = #{userId}
    </update>

    <!--通过主键删除-->
    <delete id="deleteById">
        delete
        from crm_user_jxs
        where user_id = #{userId}
    </delete>

</mapper>

