<?xml version="1.0" encoding="UTF-8"?>
<!DOCTYPE mapper PUBLIC "-//mybatis.org//DTD Mapper 3.0//EN" "http://mybatis.org/dtd/mybatis-3-mapper.dtd">
<mapper namespace="com.chinatechstar.crm.dao.CrmUserWealthInfoDao">

    <resultMap type="com.chinatechstar.crm.entity.CrmUserWealthInfo" id="CrmUserWealthInfoMap">
        <result property="id" column="id" jdbcType="INTEGER"/>
        <result property="userId" column="user_id" jdbcType="VARCHAR"/>
        <result property="mchtId" column="mcht_id" jdbcType="VARCHAR"/>
        <result property="name" column="name" jdbcType="VARCHAR"/>
        <result property="idtType" column="idt_type" jdbcType="VARCHAR"/>
        <result property="idtNo" column="idt_no" jdbcType="VARCHAR"/>
        <result property="isPhysical" column="is_physical" jdbcType="VARCHAR"/>
        <result property="isVirtual" column="is_virtual" jdbcType="VARCHAR"/>
        <result property="isCurrency" column="is_currency" jdbcType="VARCHAR"/>
        <result property="createTime" column="create_time" jdbcType="TIMESTAMP"/>
        <result property="createUser" column="create_user" jdbcType="VARCHAR"/>
        <result property="updateTime" column="update_time" jdbcType="TIMESTAMP"/>
        <result property="updateUser" column="update_user" jdbcType="VARCHAR"/>
    </resultMap>

    <!--查询单个-->
    <select id="queryById" resultMap="CrmUserWealthInfoMap">
        select id,
               user_id,
               mcht_id,
               name,
               idt_type,
               idt_no,
               is_physical,
               is_virtual,
               is_currency,
               create_time,
               create_user,
               update_time,
               update_user
        from crm_user_wealth_info
        where id = #{id}
    </select>

    <!--查询指定行数据-->
    <select id="queryAllByPage" resultMap="CrmUserWealthInfoMap">
        select
        id, user_id, mcht_id, name, idt_type, idt_no, is_physical, is_virtual, is_currency, create_time, create_user,
        update_time, update_user
        from crm_user_wealth_info
        where 1 = 1
        <if test="id != null">
            and id = #{id}
        </if>
        <if test="userId != null and userId != ''">
            and user_id = #{userId}
        </if>
        <if test="mchtId != null and mchtId != ''">
            and mcht_id = #{mchtId}
        </if>
        <if test="name != null and name != ''">
            and name = #{name}
        </if>
        <if test="idtType != null and idtType != ''">
            and idt_type = #{idtType}
        </if>
        <if test="idtNo != null and idtNo != ''">
            and idt_no = #{idtNo}
        </if>
        <if test="isPhysical != null and isPhysical != ''">
            and is_physical = #{isPhysical}
        </if>
        <if test="isVirtual != null and isVirtual != ''">
            and is_virtual = #{isVirtual}
        </if>
        <if test="isCurrency != null and isCurrency != ''">
            and is_currency = #{isCurrency}
        </if>
        <if test="createTime != null">
            and create_time = #{createTime}
        </if>
        <if test="createUser != null and createUser != ''">
            and create_user = #{createUser}
        </if>
        <if test="updateTime != null">
            and update_time = #{updateTime}
        </if>
        <if test="updateUser != null and updateUser != ''">
            and update_user = #{updateUser}
        </if>

    </select>

    <!--统计总行数-->
    <select id="count" resultType="java.lang.Long">
        select count(1)
        from crm_user_wealth_info
        where 1 = 1
        <if test="id != null">
            and id = #{id}
        </if>
        <if test="userId != null and userId != ''">
            and user_id = #{userId}
        </if>
        <if test="mchtId != null and mchtId != ''">
            and mcht_id = #{mchtId}
        </if>
        <if test="name != null and name != ''">
            and name = #{name}
        </if>
        <if test="idtType != null and idtType != ''">
            and idt_type = #{idtType}
        </if>
        <if test="idtNo != null and idtNo != ''">
            and idt_no = #{idtNo}
        </if>
        <if test="isPhysical != null and isPhysical != ''">
            and is_physical = #{isPhysical}
        </if>
        <if test="isVirtual != null and isVirtual != ''">
            and is_virtual = #{isVirtual}
        </if>
        <if test="isCurrency != null and isCurrency != ''">
            and is_currency = #{isCurrency}
        </if>
        <if test="createTime != null">
            and create_time = #{createTime}
        </if>
        <if test="createUser != null and createUser != ''">
            and create_user = #{createUser}
        </if>
        <if test="updateTime != null">
            and update_time = #{updateTime}
        </if>
        <if test="updateUser != null and updateUser != ''">
            and update_user = #{updateUser}
        </if>

    </select>

    <!--新增所有列-->
    <insert id="insert" keyProperty="id" useGeneratedKeys="true">
        insert into crm_user_wealth_info(id, user_id, mcht_id, name, idt_type, idt_no, is_physical, is_virtual,
                                         is_currency, create_time, create_user, update_time, update_user)
        values (#{id}, #{userId}, #{mchtId}, #{name}, #{idtType}, #{idtNo}, #{isPhysical}, #{isVirtual}, #{isCurrency},
                #{createTime}, #{createUser}, #{updateTime}, #{updateUser})
    </insert>

    <insert id="insertBatch" keyProperty="id" useGeneratedKeys="true">
        insert into crm_user_wealth_info(id, user_id, mcht_id, name, idt_type, idt_no, is_physical, is_virtual,
        is_currency, create_time, create_user, update_time, update_user)
        values
        <foreach collection="entities" item="entity" separator=",">
            (#{entity.id}, #{entity.userId}, #{entity.mchtId}, #{entity.name}, #{entity.idtType}, #{entity.idtNo},
            #{entity.isPhysical}, #{entity.isVirtual}, #{entity.isCurrency}, #{entity.createTime}, #{entity.createUser},
            #{entity.updateTime}, #{entity.updateUser})
        </foreach>
    </insert>

    <insert id="insertOrUpdateBatch" keyProperty="id" useGeneratedKeys="true">
        insert into crm_user_wealth_info(id, user_id, mcht_id, name, idt_type, idt_no, is_physical, is_virtual,
        is_currency, create_time, create_user, update_time, update_user)
        values
        <foreach collection="entities" item="entity" separator=",">
            (#{entity.id}, #{entity.userId}, #{entity.mchtId}, #{entity.name}, #{entity.idtType}, #{entity.idtNo},
            #{entity.isPhysical}, #{entity.isVirtual}, #{entity.isCurrency}, #{entity.createTime}, #{entity.createUser},
            #{entity.updateTime}, #{entity.updateUser})
        </foreach>
        on duplicate key update
        id = values(id),
        user_id = values(user_id),
        mcht_id = values(mcht_id),
        name = values(name),
        idt_type = values(idt_type),
        idt_no = values(idt_no),
        is_physical = values(is_physical),
        is_virtual = values(is_virtual),
        is_currency = values(is_currency),
        create_time = values(create_time),
        create_user = values(create_user),
        update_time = values(update_time),
        update_user = values(update_user)
    </insert>

    <!--通过主键修改数据-->
    <update id="update">
        update crm_user_wealth_info
        <set>
            <if test="userId != null and userId != ''">
                user_id = #{userId},
            </if>
            <if test="mchtId != null and mchtId != ''">
                mcht_id = #{mchtId},
            </if>
            <if test="name != null and name != ''">
                name = #{name},
            </if>
            <if test="idtType != null and idtType != ''">
                idt_type = #{idtType},
            </if>
            <if test="idtNo != null and idtNo != ''">
                idt_no = #{idtNo},
            </if>
            <if test="isPhysical != null and isPhysical != ''">
                is_physical = #{isPhysical},
            </if>
            <if test="isVirtual != null and isVirtual != ''">
                is_virtual = #{isVirtual},
            </if>
            <if test="isCurrency != null and isCurrency != ''">
                is_currency = #{isCurrency},
            </if>
            <if test="createTime != null">
                create_time = #{createTime},
            </if>
            <if test="createUser != null and createUser != ''">
                create_user = #{createUser},
            </if>
            <if test="updateTime != null">
                update_time = #{updateTime},
            </if>
            <if test="updateUser != null and updateUser != ''">
                update_user = #{updateUser},
            </if>
        </set>
        where id = #{id}
    </update>

    <!--通过主键删除-->
    <delete id="deleteById">
        delete
        from crm_user_wealth_info
        where id = #{id}
    </delete>

</mapper>

