<?xml version="1.0" encoding="UTF-8"?>
<!DOCTYPE mapper PUBLIC "-//mybatis.org//DTD Mapper 3.0//EN" "http://mybatis.org/dtd/mybatis-3-mapper.dtd">
<mapper namespace="com.chinatechstar.crm.dao.CrmUserInfoAddressDao">

    <resultMap type="com.chinatechstar.crm.entity.CrmUserInfoAddress" id="CrmUserInfoAddressMap">
        <result property="id" column="id" jdbcType="INTEGER"/>
        <result property="userId" column="user_id" jdbcType="INTEGER"/>
        <result property="mchtId" column="mcht_id" jdbcType="INTEGER"/>
        <result property="addressType" column="address_type" jdbcType="VARCHAR"/>
        <result property="province" column="province" jdbcType="VARCHAR"/>
        <result property="city" column="city" jdbcType="VARCHAR"/>
        <result property="county" column="county" jdbcType="VARCHAR"/>
        <result property="address" column="address" jdbcType="VARCHAR"/>
        <result property="post" column="post" jdbcType="VARCHAR"/>
        <result property="createTime" column="create_time" jdbcType="TIMESTAMP"/>
        <result property="createUser" column="create_user" jdbcType="VARCHAR"/>
        <result property="updateTime" column="update_time" jdbcType="TIMESTAMP"/>
        <result property="updateUser" column="update_user" jdbcType="VARCHAR"/>
    </resultMap>

    <!--查询单个-->
    <select id="queryById" resultMap="CrmUserInfoAddressMap">
        select id,
               user_id,
               mcht_id,
               address_type,
               province,
               city,
               county,
               address,
               post,
               create_time,
               create_user,
               update_time,
               update_user
        from crm_user_info_address
        where id = #{id}
    </select>

    <!--查询指定行数据-->
    <select id="queryAllByPage" resultMap="CrmUserInfoAddressMap">
        select
        cuia.id, cuia.user_id, cuia.mcht_id, cuia.address_type,
        msr2.region_name as province, msr3.region_name as city, msr4.region_name as county,
        cuia.address, cuia.post, cuia.create_time, cuia.create_user, cuia.update_time,
        update_user
        from crm_user_info_address cuia
        left join
        mscode_sys_region msr2
        on cuia.province = msr2.region_code and msr2.region_type ='province'
        left join
        mscode_sys_region msr3
        on cuia.city = msr3.region_code and msr3.region_type = 'city'
        left join
        mscode_sys_region msr4
        on cuia.county = msr4.region_code and msr4.region_type = 'county'
        where 1 = 1
        <if test="userId != null">
            and cuia.user_id = #{userId}
        </if>
        <if test="mchtId != null">
            and cuia.mcht_id = #{mchtId}
        </if>
        <if test="addressType != null and addressType != ''">
            and cuia.address_type = #{addressType}
        </if>
        order by create_time desc
    </select>

    <!--统计总行数-->
    <select id="count" resultType="java.lang.Long">
        select count(1)
        from crm_user_info_address
        where 1 = 1
        <if test="userId != null">
            and user_id = #{userId}
        </if>
        <if test="mchtId != null">
            and mcht_id = #{mchtId}
        </if>
    </select>

    <!--新增所有列-->
    <insert id="insert" keyProperty="id" useGeneratedKeys="true">
        insert into crm_user_info_address(id, user_id, mcht_id, address_type, province, city, county, address, post,
                                          create_time, create_user, update_time, update_user)
        values (#{id}, #{userId}, #{mchtId}, #{addressType}, #{province}, #{city}, #{county}, #{address}, #{post},
                #{createTime}, #{createUser}, #{updateTime}, #{updateUser})
    </insert>

    <insert id="insertBatch" keyProperty="id" useGeneratedKeys="true">
        insert into crm_user_info_address(id, user_id, mcht_id, address_type, province, city, county, address, post,
        create_time, create_user, update_time, update_user)
        values
        <foreach collection="entities" item="entity" separator=",">
            (#{entity.id}, #{entity.userId}, #{entity.mchtId}, #{entity.addressType}, #{entity.province}, #{entity.city},
            #{entity.county}, #{entity.address}, #{entity.post}, #{entity.createTime}, #{entity.createUser},
            #{entity.updateTime}, #{entity.updateUser})
        </foreach>
    </insert>

    <insert id="insertOrUpdateBatch" keyProperty="id" useGeneratedKeys="true">
        insert into crm_user_info_address(id, user_id, mcht_id, address_type, province, city, county, address, post,
        create_time, create_user, update_time, update_user)
        values
        <foreach collection="entities" item="entity" separator=",">
            (#{entity.id}, #{entity.userId}, #{entity.mchtId}, #{entity.addressType}, #{entity.province}, #{entity.city},
            #{entity.county}, #{entity.address}, #{entity.post}, #{entity.createTime}, #{entity.createUser},
            #{entity.updateTime}, #{entity.updateUser})
        </foreach>
        on duplicate key update
        id = values(id),
        user_id = values(user_id),
        mcht_id = values(mcht_id),
        address_type = values(address_type),
        province = values(province),
        city = values(city),
        county = values(county),
        address = values(address),
        post = values(post),
        create_time = values(create_time),
        create_user = values(create_user),
        update_time = values(update_time),
        update_user = values(update_user)
    </insert>

    <!--通过主键修改数据-->
    <update id="update">
        update crm_user_info_address
        <set>
            <if test="addressType != null and addressType != ''">
                address_type = #{addressType},
            </if>
            <if test="province != null and province != ''">
                province = #{province},
            </if>
            <if test="city != null and city != ''">
                city = #{city},
            </if>
            <if test="county != null and county != ''">
                county = #{county},
            </if>
            <if test="address != null and address != ''">
                address = #{address},
            </if>
            <if test="post != null and post != ''">
                post = #{post},
            </if>
            <if test="updateTime != null">
                update_time = #{updateTime},
            </if>
            <if test="updateUser != null and updateUser != ''">
                update_user = #{updateUser},
            </if>
        </set>
        where id = #{id}
    </update>

    <!--通过主键删除-->
    <delete id="deleteById">
        delete
        from crm_user_info_address
        where id = #{id}
    </delete>

</mapper>

