<?xml version="1.0" encoding="UTF-8"?>
<!DOCTYPE mapper PUBLIC "-//mybatis.org//DTD Mapper 3.0//EN" "http://mybatis.org/dtd/mybatis-3-mapper.dtd">
<mapper namespace="com.chinatechstar.crm.dao.CrmUserDao">

    <resultMap type="com.chinatechstar.crm.entity.CrmUser" id="CrmUserMap">
        <result property="userId" column="user_id" jdbcType="INTEGER"/>
        <result property="mchtId" column="mcht_id" jdbcType="INTEGER"/>
        <result property="mobile" column="mobile" jdbcType="VARCHAR"/>
        <result property="name" column="name" jdbcType="VARCHAR"/>
        <result property="sex" column="sex" jdbcType="VARCHAR"/>
        <result property="idType" column="id_type" jdbcType="VARCHAR"/>
        <result property="idNo" column="id_no" jdbcType="VARCHAR"/>
        <result property="birthType" column="birth_type" jdbcType="VARCHAR"/>
        <result property="birthday" column="birthday" jdbcType="TIMESTAMP"/>
        <result property="isMarried" column="is_married" jdbcType="VARCHAR"/>
        <result property="policy" column="policy" jdbcType="VARCHAR"/>
        <result property="srcChannel" column="src_channel" jdbcType="VARCHAR"/>
        <result property="symbol" column="symbol" jdbcType="VARCHAR"/>
        <result property="idtType" column="idt_type" jdbcType="VARCHAR"/>
        <result property="idtStatus" column="idt_status" jdbcType="VARCHAR"/>
        <result property="headImg" column="head_img" jdbcType="VARCHAR"/>
        <result property="userName" column="user_name" jdbcType="VARCHAR"/>
        <result property="email" column="email" jdbcType="VARCHAR"/>
        <result property="createTime" column="create_time" jdbcType="TIMESTAMP"/>
        <result property="isMcht" column="is_mcht" jdbcType="VARCHAR"/>
        <result property="isCoop" column="is_coop" jdbcType="VARCHAR"/>
        <result property="properties" column="properties" jdbcType="VARCHAR"/>
        <result property="shareCode" column="share_code" jdbcType="VARCHAR"/>
    </resultMap>
    <resultMap type="com.chinatechstar.crm.vo.CrmPersonInfo" id="CrmPersonInfoMap">
        <result property="mobile" column="mobile" jdbcType="VARCHAR"/>
        <result property="name" column="name" jdbcType="VARCHAR"/>
        <result property="idType" column="id_type" jdbcType="VARCHAR"/>
        <result property="idNo" column="id_no" jdbcType="VARCHAR"/>
    </resultMap>

    <sql id="queryConditions">
        <if test="mobile != null and mobile != ''">
            and mobile LIKE CONCAT('%',#{mobile},'%')
        </if>
        <if test="name != null and name != ''">
            and name LIKE CONCAT('%',#{name},'%')
        </if>
        <if test="sex != null and sex != ''">
            and sex = #{sex}
        </if>
        <if test="idType != null and idType != ''">
            and id_type = #{idType}
        </if>
        <if test="idNo != null and idNo != ''">
            and id_no LIKE CONCAT('%',#{idNo},'%')
        </if>
        <if test="idtStatus != null and idtStatus != ''">
            and idt_status = #{idtStatus}
        </if>
        <if test="userName != null and userName != ''">
            and user_name LIKE CONCAT('%',#{userName},'%')
        </if>
    </sql>
    <!--查询单个-->
    <select id="queryById" resultMap="CrmUserMap">
        select user_id,
               mcht_id,
               mobile,
               name,
               sex,
               id_type,
               id_no,
               birth_type,
               birthday,
               is_married,
               policy,
               src_channel,
               symbol,
               idt_type,
               idt_status,
               head_img,
               user_name,
               email,
               create_time,
               is_mcht,
               is_coop,
               properties,
               share_code
        from crm_user
        where user_id = #{userId}
    </select>

    <!--查询指定行数据-->
    <select id="queryAllByPage" resultMap="CrmUserMap">
        select
        user_id, mcht_id, mobile, name, sex, id_type, id_no, birth_type, birthday, is_married, policy, src_channel,
        symbol, idt_type, idt_status, head_img, user_name, email, create_time, is_mcht, is_coop, properties, share_code
        from crm_user
        where 1 = 1
        <include refid="queryConditions"></include>
        <if test="mchtId != null and mchtId != ''">
            and mcht_id = #{mchtId}
        </if>
        order by create_time desc
    </select>

    <!--统计总行数-->
    <select id="count" resultType="java.lang.Long">
        select count(1)
        from crm_user
        where 1 = 1
        <if test="mchtId != null and mchtId != ''">
            and mcht_id = #{mchtId}
        </if>
        <if test="mobile != null and mobile != ''">
            and mobile = #{mobile}
        </if>
        <if test="name != null and name != ''">
            and name = #{name}
        </if>
        <if test="sex != null and sex != ''">
            and sex = #{sex}
        </if>
        <if test="idType != null and idType != ''">
            and id_type = #{idType}
        </if>
        <if test="idNo != null and idNo != ''">
            and id_no = #{idNo}
        </if>
        <if test="idtStatus != null and idtStatus != ''">
            and idt_status = #{idtStatus}
        </if>
        <if test="userName != null and userName != ''">
            and user_name = #{userName}
        </if>

    </select>

    <!--新增所有列-->
    <insert id="insert" keyProperty="userId" useGeneratedKeys="true">
        insert into crm_user(user_id, mcht_id, mobile, name, sex, id_type, id_no, birth_type, birthday, is_married,
                             policy, src_channel, symbol, idt_type, idt_status, head_img, user_name, email, create_time,
                             is_mcht, is_coop, properties, share_code)
        values (#{userId}, #{mchtId}, #{mobile}, #{name}, #{sex}, #{idType}, #{idNo}, #{birthType}, #{birthday},
                #{isMarried}, #{policy}, #{srcChannel}, #{symbol}, #{idtType}, #{idtStatus}, #{headImg}, #{userName},
                #{email}, #{createTime}, #{isMcht}, #{isCoop}, #{properties}, #{shareCode})
    </insert>

    <insert id="insertBatch" keyProperty="userId" useGeneratedKeys="true">
        insert into crm_user(user_id, mcht_id, mobile, name, sex, id_type, id_no, birth_type, birthday, is_married,
        policy, src_channel, symbol, idt_type, idt_status, head_img, user_name, email, create_time, is_mcht, is_coop,
        properties, share_code)
        values
        <foreach collection="entities" item="entity" separator=",">
            (#{entity.userId}, #{entity.mchtId}, #{entity.mobile}, #{entity.name}, #{entity.sex}, #{entity.idType},
            #{entity.idNo}, #{entity.birthType}, #{entity.birthday}, #{entity.isMarried}, #{entity.policy},
            #{entity.srcChannel}, #{entity.symbol}, #{entity.idtType}, #{entity.idtStatus}, #{entity.headImg},
            #{entity.userName}, #{entity.email}, #{entity.createTime}, #{entity.isMcht}, #{entity.isCoop},
            #{entity.properties}, #{entity.shareCode})
        </foreach>
    </insert>

    <insert id="insertOrUpdateBatch" keyProperty="userId" useGeneratedKeys="true">
        insert into crm_user(user_id, mcht_id, mobile, name, sex, id_type, id_no, birth_type, birthday, is_married,
        policy, src_channel, symbol, idt_type, idt_status, head_img, user_name, email, create_time, is_mcht, is_coop,
        properties, share_code)
        values
        <foreach collection="entities" item="entity" separator=",">
            (#{entity.userId}, #{entity.mchtId}, #{entity.mobile}, #{entity.name}, #{entity.sex}, #{entity.idType},
            #{entity.idNo}, #{entity.birthType}, #{entity.birthday}, #{entity.isMarried}, #{entity.policy},
            #{entity.srcChannel}, #{entity.symbol}, #{entity.idtType}, #{entity.idtStatus}, #{entity.headImg},
            #{entity.userName}, #{entity.email}, #{entity.createTime}, #{entity.isMcht}, #{entity.isCoop},
            #{entity.properties}, #{entity.shareCode})
        </foreach>
        on duplicate key update
        name = values(name),
        sex = values(sex),
        id_type = values(id_type),
        id_no = values(id_no),
        birth_type = values(birth_type),
        birthday = values(birthday),
        is_married = values(is_married),
        policy = values(policy),
        src_channel = values(src_channel),
        symbol = values(symbol),
        idt_type = values(idt_type),
        idt_status = values(idt_status),
        head_img = values(head_img),
        user_name = values(user_name),
        email = values(email),
        create_time = values(create_time),
        is_mcht = values(is_mcht),
        is_coop = values(is_coop),
        properties = values(properties),
        share_code = values(share_code)
    </insert>

    <!--通过主键修改数据-->
    <update id="update">
        update crm_user
        <set>
            <if test="mobile != null and mobile != ''">
                mobile = #{mobile},
            </if>
            <if test="name != null and name != ''">
                name = #{name},
            </if>
            <if test="sex != null and sex != ''">
                sex = #{sex},
            </if>
            <if test="idType != null and idType != ''">
                id_type = #{idType},
            </if>
            <if test="idNo != null and idNo != ''">
                id_no = #{idNo},
            </if>
            <if test="birthType != null and birthType != ''">
                birth_type = #{birthType},
            </if>
            <if test="birthday != null">
                birthday = #{birthday},
            </if>
            <if test="isMarried != null and isMarried != ''">
                is_married = #{isMarried},
            </if>
            <if test="policy != null and policy != ''">
                policy = #{policy},
            </if>
            <if test="srcChannel != null and srcChannel != ''">
                src_channel = #{srcChannel},
            </if>
            <if test="symbol != null and symbol != ''">
                symbol = #{symbol},
            </if>
            <if test="idtType != null and idtType != ''">
                idt_type = #{idtType},
            </if>
            <if test="idtStatus != null and idtStatus != ''">
                idt_status = #{idtStatus},
            </if>
            <if test="headImg != null and headImg != ''">
                head_img = #{headImg},
            </if>
            <if test="userName != null and userName != ''">
                user_name = #{userName},
            </if>
            <if test="email != null and email != ''">
                email = #{email},
            </if>
            <if test="createTime != null">
                create_time = #{createTime},
            </if>
            <if test="isMcht != null and isMcht != ''">
                is_mcht = #{isMcht},
            </if>
            <if test="isCoop != null and isCoop != ''">
                is_coop = #{isCoop},
            </if>
            <if test="properties != null and properties != ''">
                properties = #{properties},
            </if>
            <if test="shareCode != null and shareCode != ''">
                share_code = #{shareCode},
            </if>
        </set>
        where user_id = #{userId}
    </update>

    <!--通过主键删除-->
    <delete id="deleteById">
        delete
        from crm_user
        where user_id = #{userId}
    </delete>

    <select id="selectIdByNameMobileMchtId" resultType="java.lang.Long">
        select user_id
        from crm_user
        where 1=1
        <if test="name != null and name != ''">
            and name = #{name}
        </if>
        <if test="mchtId != null and mchtId != ''">
            and mcht_id = #{mchtId}
        </if>
        <if test="mobile != null and mobile != ''">
            and mobile = #{mobile}
        </if>
    </select>
    <select id="selectIdNoByNameMchtId" resultMap="CrmPersonInfoMap">
        select id_no,name,id_type,mobile
        from crm_user
        where 1=1
        <if test="name != null and name != ''">
            and name = #{name}
        </if>
        <if test="mchtId != null and mchtId != ''">
            and mcht_id = #{mchtId}
        </if>
    </select>

</mapper>

