<?xml version="1.0" encoding="UTF-8"?>
<!DOCTYPE mapper PUBLIC "-//mybatis.org//DTD Mapper 3.0//EN" "http://mybatis.org/dtd/mybatis-3-mapper.dtd">
<mapper namespace="com.chinatechstar.crm.mapper.CrmUserMapper">
  <resultMap id="BaseResultMap" type="com.chinatechstar.crm.entity.CrmUser">
    <id column="user_id" jdbcType="BIGINT" property="userId" />
    <result column="mcht_id" jdbcType="VARCHAR" property="mchtId" />
    <result column="mobile" jdbcType="VARCHAR" property="mobile" />
    <result column="name" jdbcType="VARCHAR" property="name" />
    <result column="sex" jdbcType="BIGINT" property="sex" />
    <result column="id_type" jdbcType="BIGINT" property="idType" />
    <result column="id_no" jdbcType="VARCHAR" property="idNo" />
    <result column="birthday" jdbcType="TIMESTAMP" property="birthday" />
    <result column="married" jdbcType="VARCHAR" property="married" />
    <result column="policy" jdbcType="VARCHAR" property="policy" />
    <result column="src_channel" jdbcType="VARCHAR" property="srcChannel" />
    <result column="symbol" jdbcType="VARCHAR" property="symbol" />
    <result column="idt_type" jdbcType="VARCHAR" property="idtType" />
    <result column="idt_status" jdbcType="VARCHAR" property="idtStatus" />
    <result column="create_time" jdbcType="TIMESTAMP" property="createTime" />
    <result column="update_time" jdbcType="TIMESTAMP" property="updateTime" />
    <result column="head_img" jdbcType="VARCHAR" property="headImg" />
    <result column="user_name" jdbcType="VARCHAR" property="userName" />
    <result column="email" jdbcType="VARCHAR" property="email" />
    <result column="is_mcht" jdbcType="VARCHAR" property="isMcht" />
    <result column="customed_properties" jdbcType="VARCHAR" property="customedProperties" />
  </resultMap>
  <sql id="Base_Column_List">
    user_id, mcht_id, mobile, `name`, sex, id_type, id_no, birthday, married, policy, 
    src_channel, symbol, idt_type, idt_status, create_time, update_time, head_img, user_name, 
    email, is_mcht, customed_properties
  </sql>
  <select id="selectByPrimaryKey" parameterType="java.lang.Long" resultMap="BaseResultMap">
    select 
    <include refid="Base_Column_List" />
    from crm_user
    where user_id = #{userId,jdbcType=BIGINT}
  </select>
  <delete id="deleteByPrimaryKey" parameterType="java.lang.Long">
    delete from crm_user
    where user_id = #{userId,jdbcType=BIGINT}
  </delete>
  <insert id="insert" parameterType="com.chinatechstar.crm.entity.CrmUser">
    insert into crm_user (user_id, mcht_id, mobile, 
      `name`, sex, id_type, id_no, 
      birthday, married, policy, 
      src_channel, symbol, idt_type, 
      idt_status, create_time, update_time, 
      head_img, user_name, email, 
      is_mcht, customed_properties)
    values (#{userId,jdbcType=BIGINT}, #{mchtId,jdbcType=VARCHAR}, #{mobile,jdbcType=VARCHAR}, 
      #{name,jdbcType=VARCHAR}, #{sex,jdbcType=BIGINT}, #{idType,jdbcType=BIGINT}, #{idNo,jdbcType=VARCHAR}, 
      #{birthday,jdbcType=TIMESTAMP}, #{married,jdbcType=VARCHAR}, #{policy,jdbcType=VARCHAR}, 
      #{srcChannel,jdbcType=VARCHAR}, #{symbol,jdbcType=VARCHAR}, #{idtType,jdbcType=VARCHAR}, 
      #{idtStatus,jdbcType=VARCHAR}, #{createTime,jdbcType=TIMESTAMP}, #{updateTime,jdbcType=TIMESTAMP}, 
      #{headImg,jdbcType=VARCHAR}, #{userName,jdbcType=VARCHAR}, #{email,jdbcType=VARCHAR}, 
      #{isMcht,jdbcType=VARCHAR}, #{customedProperties,jdbcType=VARCHAR})
  </insert>
  <insert id="insertSelective" parameterType="com.chinatechstar.crm.entity.CrmUser">
    insert into crm_user
    <trim prefix="(" suffix=")" suffixOverrides=",">
      <if test="userId != null">
        user_id,
      </if>
      <if test="mchtId != null">
        mcht_id,
      </if>
      <if test="mobile != null">
        mobile,
      </if>
      <if test="name != null">
        `name`,
      </if>
      <if test="sex != null">
        sex,
      </if>
      <if test="idType != null">
        id_type,
      </if>
      <if test="idNo != null">
        id_no,
      </if>
      <if test="birthday != null">
        birthday,
      </if>
      <if test="married != null">
        married,
      </if>
      <if test="policy != null">
        policy,
      </if>
      <if test="srcChannel != null">
        src_channel,
      </if>
      <if test="symbol != null">
        symbol,
      </if>
      <if test="idtType != null">
        idt_type,
      </if>
      <if test="idtStatus != null">
        idt_status,
      </if>
      <if test="createTime != null">
        create_time,
      </if>
      <if test="updateTime != null">
        update_time,
      </if>
      <if test="headImg != null">
        head_img,
      </if>
      <if test="userName != null">
        user_name,
      </if>
      <if test="email != null">
        email,
      </if>
      <if test="isMcht != null">
        is_mcht,
      </if>
      <if test="customedProperties != null">
        customed_properties,
      </if>
    </trim>
    <trim prefix="values (" suffix=")" suffixOverrides=",">
      <if test="userId != null">
        #{userId,jdbcType=BIGINT},
      </if>
      <if test="mchtId != null">
        #{mchtId,jdbcType=VARCHAR},
      </if>
      <if test="mobile != null">
        #{mobile,jdbcType=VARCHAR},
      </if>
      <if test="name != null">
        #{name,jdbcType=VARCHAR},
      </if>
      <if test="sex != null">
        #{sex,jdbcType=BIGINT},
      </if>
      <if test="idType != null">
        #{idType,jdbcType=BIGINT},
      </if>
      <if test="idNo != null">
        #{idNo,jdbcType=VARCHAR},
      </if>
      <if test="birthday != null">
        #{birthday,jdbcType=TIMESTAMP},
      </if>
      <if test="married != null">
        #{married,jdbcType=VARCHAR},
      </if>
      <if test="policy != null">
        #{policy,jdbcType=VARCHAR},
      </if>
      <if test="srcChannel != null">
        #{srcChannel,jdbcType=VARCHAR},
      </if>
      <if test="symbol != null">
        #{symbol,jdbcType=VARCHAR},
      </if>
      <if test="idtType != null">
        #{idtType,jdbcType=VARCHAR},
      </if>
      <if test="idtStatus != null">
        #{idtStatus,jdbcType=VARCHAR},
      </if>
      <if test="createTime != null">
        #{createTime,jdbcType=TIMESTAMP},
      </if>
      <if test="updateTime != null">
        #{updateTime,jdbcType=TIMESTAMP},
      </if>
      <if test="headImg != null">
        #{headImg,jdbcType=VARCHAR},
      </if>
      <if test="userName != null">
        #{userName,jdbcType=VARCHAR},
      </if>
      <if test="email != null">
        #{email,jdbcType=VARCHAR},
      </if>
      <if test="isMcht != null">
        #{isMcht,jdbcType=VARCHAR},
      </if>
      <if test="customedProperties != null">
        #{customedProperties,jdbcType=VARCHAR},
      </if>
    </trim>
  </insert>
  <update id="updateByPrimaryKeySelective" parameterType="com.chinatechstar.crm.entity.CrmUser">
    update crm_user
    <set>
      <if test="mchtId != null">
        mcht_id = #{mchtId,jdbcType=VARCHAR},
      </if>
      <if test="mobile != null">
        mobile = #{mobile,jdbcType=VARCHAR},
      </if>
      <if test="name != null">
        `name` = #{name,jdbcType=VARCHAR},
      </if>
      <if test="sex != null">
        sex = #{sex,jdbcType=BIGINT},
      </if>
      <if test="idType != null">
        id_type = #{idType,jdbcType=BIGINT},
      </if>
      <if test="idNo != null">
        id_no = #{idNo,jdbcType=VARCHAR},
      </if>
      <if test="birthday != null">
        birthday = #{birthday,jdbcType=TIMESTAMP},
      </if>
      <if test="married != null">
        married = #{married,jdbcType=VARCHAR},
      </if>
      <if test="policy != null">
        policy = #{policy,jdbcType=VARCHAR},
      </if>
      <if test="srcChannel != null">
        src_channel = #{srcChannel,jdbcType=VARCHAR},
      </if>
      <if test="symbol != null">
        symbol = #{symbol,jdbcType=VARCHAR},
      </if>
      <if test="idtType != null">
        idt_type = #{idtType,jdbcType=VARCHAR},
      </if>
      <if test="idtStatus != null">
        idt_status = #{idtStatus,jdbcType=VARCHAR},
      </if>
      <if test="createTime != null">
        create_time = #{createTime,jdbcType=TIMESTAMP},
      </if>
      <if test="updateTime != null">
        update_time = #{updateTime,jdbcType=TIMESTAMP},
      </if>
      <if test="headImg != null">
        head_img = #{headImg,jdbcType=VARCHAR},
      </if>
      <if test="userName != null">
        user_name = #{userName,jdbcType=VARCHAR},
      </if>
      <if test="email != null">
        email = #{email,jdbcType=VARCHAR},
      </if>
      <if test="isMcht != null">
        is_mcht = #{isMcht,jdbcType=VARCHAR},
      </if>
      <if test="customedProperties != null">
        customed_properties = #{customedProperties,jdbcType=VARCHAR},
      </if>
    </set>
    where user_id = #{userId,jdbcType=BIGINT}
  </update>
  <update id="updateByPrimaryKey" parameterType="com.chinatechstar.crm.entity.CrmUser">
    update crm_user
    set mcht_id = #{mchtId,jdbcType=VARCHAR},
      mobile = #{mobile,jdbcType=VARCHAR},
      `name` = #{name,jdbcType=VARCHAR},
      sex = #{sex,jdbcType=BIGINT},
      id_type = #{idType,jdbcType=BIGINT},
      id_no = #{idNo,jdbcType=VARCHAR},
      birthday = #{birthday,jdbcType=TIMESTAMP},
      married = #{married,jdbcType=VARCHAR},
      policy = #{policy,jdbcType=VARCHAR},
      src_channel = #{srcChannel,jdbcType=VARCHAR},
      symbol = #{symbol,jdbcType=VARCHAR},
      idt_type = #{idtType,jdbcType=VARCHAR},
      idt_status = #{idtStatus,jdbcType=VARCHAR},
      create_time = #{createTime,jdbcType=TIMESTAMP},
      update_time = #{updateTime,jdbcType=TIMESTAMP},
      head_img = #{headImg,jdbcType=VARCHAR},
      user_name = #{userName,jdbcType=VARCHAR},
      email = #{email,jdbcType=VARCHAR},
      is_mcht = #{isMcht,jdbcType=VARCHAR},
      customed_properties = #{customedProperties,jdbcType=VARCHAR}
    where user_id = #{userId,jdbcType=BIGINT}
  </update>

</mapper>