<?xml version="1.0" encoding="UTF-8"?>
<!DOCTYPE mapper PUBLIC "-//mybatis.org//DTD Mapper 3.0//EN" "http://mybatis.org/dtd/mybatis-3-mapper.dtd">
<mapper namespace="com.chinatechstar.crm.dao.CrmUserInfoContactDao">

    <resultMap type="com.chinatechstar.crm.entity.CrmUserInfoContact" id="CrmUserInfoContactMap">
        <result property="id" column="id" jdbcType="INTEGER"/>
        <result property="userId" column="user_id" jdbcType="INTEGER"/>
        <result property="mchtId" column="mcht_id" jdbcType="INTEGER"/>
        <result property="contactType" column="contact_type" jdbcType="VARCHAR"/>
        <result property="name" column="name" jdbcType="VARCHAR"/>
        <result property="relationType" column="relation_type" jdbcType="VARCHAR"/>
        <result property="mobile" column="mobile" jdbcType="VARCHAR"/>
        <result property="phone" column="phone" jdbcType="VARCHAR"/>
        <result property="age" column="age" jdbcType="INTEGER"/>
        <result property="idType" column="id_type" jdbcType="VARCHAR"/>
        <result property="idNo" column="id_no" jdbcType="VARCHAR"/>
        <result property="companyName" column="company_name" jdbcType="VARCHAR"/>
        <result property="companyPhone" column="company_phone" jdbcType="VARCHAR"/>
        <result property="createTime" column="create_time" jdbcType="TIMESTAMP"/>
        <result property="createUser" column="create_user" jdbcType="VARCHAR"/>
        <result property="updateTime" column="update_time" jdbcType="TIMESTAMP"/>
        <result property="updateUser" column="update_user" jdbcType="VARCHAR"/>
    </resultMap>

    <sql id="queryConditions">
        <if test="name != null and name != ''">
            and name LIKE CONCAT('%',#{name},'%')
        </if>
    </sql>
    <!--查询单个-->
    <select id="queryById" resultMap="CrmUserInfoContactMap">
        select id,
               user_id,
               mcht_id,
               contact_type,
               name,
               relation_type,
               mobile,
               phone,
               age,
               id_type,
               id_no,
               company_name,
               company_phone,
               create_time,
               create_user,
               update_time,
               update_user
        from crm_user_info_contact
        where id = #{id}
    </select>

    <!--查询指定行数据-->
    <select id="queryAllByPage" resultMap="CrmUserInfoContactMap">
        select
        id, user_id, mcht_id, contact_type, name, relation_type, mobile, phone, age, id_type, id_no, company_name,
        company_phone, create_time, create_user, update_time, update_user
        from crm_user_info_contact
        where 1 = 1
        <include refid="queryConditions"></include>
        <if test="userId != null">
            and user_id = #{userId}
        </if>
        <if test="mchtId != null">
            and mcht_id = #{mchtId}
        </if>
        order by create_time desc
    </select>

    <!--统计总行数-->
    <select id="count" resultType="java.lang.Long">
        select count(1)
        from crm_user_info_contact
        where 1 = 1
        <if test="userId != null">
            and user_id = #{userId}
        </if>
        <if test="mchtId != null">
            and mcht_id = #{mchtId}
        </if>
    </select>

    <!--新增所有列-->
    <insert id="insert" keyProperty="id" useGeneratedKeys="true">
        insert into crm_user_info_contact(id, user_id, mcht_id, contact_type, name, relation_type, mobile, phone, age,
                                          id_type, id_no, company_name, company_phone, create_time, create_user,
                                          update_time, update_user)
        values (#{id}, #{userId}, #{mchtId}, #{contactType}, #{name}, #{relationType}, #{mobile}, #{phone}, #{age},
                #{idType}, #{idNo}, #{companyName}, #{companyPhone}, #{createTime}, #{createUser}, #{updateTime},
                #{updateUser})
    </insert>

    <insert id="insertBatch" keyProperty="id" useGeneratedKeys="true">
        insert into crm_user_info_contact(id, user_id, mcht_id, contact_type, name, relation_type, mobile, phone, age,
        id_type, id_no, company_name, company_phone, create_time, create_user, update_time, update_user)
        values
        <foreach collection="entities" item="entity" separator=",">
            (#{entity.id}, #{entity.userId}, #{entity.mchtId}, #{entity.contactType}, #{entity.name},
            #{entity.relationType}, #{entity.mobile}, #{entity.phone}, #{entity.age}, #{entity.idType}, #{entity.idNo},
            #{entity.companyName}, #{entity.companyPhone}, #{entity.createTime}, #{entity.createUser},
            #{entity.updateTime}, #{entity.updateUser})
        </foreach>
    </insert>

    <insert id="insertOrUpdateBatch" keyProperty="id" useGeneratedKeys="true">
        insert into crm_user_info_contact(id, user_id, mcht_id, contact_type, name, relation_type, mobile, phone, age,
        id_type, id_no, company_name, company_phone, create_time, create_user, update_time, update_user)
        values
        <foreach collection="entities" item="entity" separator=",">
            (#{entity.id}, #{entity.userId}, #{entity.mchtId}, #{entity.contactType}, #{entity.name},
            #{entity.relationType}, #{entity.mobile}, #{entity.phone}, #{entity.age}, #{entity.idType}, #{entity.idNo},
            #{entity.companyName}, #{entity.companyPhone}, #{entity.createTime}, #{entity.createUser},
            #{entity.updateTime}, #{entity.updateUser})
        </foreach>
        on duplicate key update
        id = values(id),
        user_id = values(user_id),
        mcht_id = values(mcht_id),
        contact_type = values(contact_type),
        name = values(name),
        relation_type = values(relation_type),
        mobile = values(mobile),
        phone = values(phone),
        age = values(age),
        id_type = values(id_type),
        id_no = values(id_no),
        company_name = values(company_name),
        company_phone = values(company_phone),
        create_time = values(create_time),
        create_user = values(create_user),
        update_time = values(update_time),
        update_user = values(update_user)
    </insert>

    <!--通过主键修改数据-->
    <update id="update">
        update crm_user_info_contact
        <set>
            <if test="contactType != null and contactType != ''">
                contact_type = #{contactType},
            </if>
            <if test="name != null and name != ''">
                name = #{name},
            </if>
            <if test="relationType != null and relationType != ''">
                relation_type = #{relationType},
            </if>
            <if test="mobile != null and mobile != ''">
                mobile = #{mobile},
            </if>
            <if test="phone != null and phone != ''">
                phone = #{phone},
            </if>
            <if test="age != null">
                age = #{age},
            </if>
            <if test="idType != null and idType != ''">
                id_type = #{idType},
            </if>
            <if test="idNo != null and idNo != ''">
                id_no = #{idNo},
            </if>
            <if test="companyName != null and companyName != ''">
                company_name = #{companyName},
            </if>
            <if test="companyPhone != null and companyPhone != ''">
                company_phone = #{companyPhone},
            </if>
            <if test="updateTime != null">
                update_time = #{updateTime},
            </if>
            <if test="updateUser != null and updateUser != ''">
                update_user = #{updateUser},
            </if>
        </set>
        where id = #{id}
    </update>

    <!--通过主键删除-->
    <delete id="deleteById">
        delete
        from crm_user_info_contact
        where id = #{id}
    </delete>

</mapper>

