<?xml version="1.0" encoding="UTF-8"?>
<!DOCTYPE mapper PUBLIC "-//mybatis.org//DTD Mapper 3.0//EN" "http://mybatis.org/dtd/mybatis-3-mapper.dtd">
<mapper namespace="com.chinatechstar.crm.dao.CrmUserWealthInfoDetailDao">

    <resultMap type="com.chinatechstar.crm.entity.CrmUserWealthInfoDetail" id="CrmUserWealthInfoDetailMap">
        <result property="id" column="id" jdbcType="INTEGER"/>
        <result property="userId" column="user_id" jdbcType="VARCHAR"/>
        <result property="mchtId" column="mcht_id" jdbcType="VARCHAR"/>
        <result property="name" column="name" jdbcType="VARCHAR"/>
        <result property="idtType" column="idt_type" jdbcType="VARCHAR"/>
        <result property="idtNo" column="idt_no" jdbcType="VARCHAR"/>
        <result property="wealthType" column="wealth_type" jdbcType="VARCHAR"/>
        <result property="wealthContent" column="wealth_content" jdbcType="VARCHAR"/>
        <result property="wealthWorth" column="wealth_worth" jdbcType="VARCHAR"/>
        <result property="createTime" column="create_time" jdbcType="TIMESTAMP"/>
        <result property="createUser" column="create_user" jdbcType="VARCHAR"/>
        <result property="updateTime" column="update_time" jdbcType="TIMESTAMP"/>
        <result property="updateUser" column="update_user" jdbcType="VARCHAR"/>
        <result property="srcChannel" column="src_channel" jdbcType="VARCHAR"/>
        <result property="wealthName" column="wealth_name" jdbcType="VARCHAR"/>
        <result property="wealthBenefit" column="wealth_benefit" jdbcType="VARCHAR"/>
    </resultMap>

    <!--查询单个-->
    <select id="queryById" resultMap="CrmUserWealthInfoDetailMap">
        select id,
               user_id,
               mcht_id,
               name,
               idt_type,
               idt_no,
               wealth_type,
               wealth_content,
               wealth_worth,
               create_time,
               create_user,
               update_time,
               update_user,
               src_channel,
               wealth_name,
               wealth_benefit
        from crm_user_wealth_info_detail
        where id = #{id}
    </select>

    <!--查询指定行数据-->
    <select id="queryAllByPage" resultMap="CrmUserWealthInfoDetailMap">
        select
        id, user_id, mcht_id, name, idt_type, idt_no, wealth_type, wealth_content, wealth_worth, create_time,
        create_user, update_time, update_user, src_channel, wealth_name, wealth_benefit
        from crm_user_wealth_info_detail
        where 1 = 1
        <if test="id != null">
            and id = #{id}
        </if>
        <if test="userId != null and userId != ''">
            and user_id = #{userId}
        </if>
        <if test="mchtId != null and mchtId != ''">
            and mcht_id = #{mchtId}
        </if>
        <if test="name != null and name != ''">
            and name = #{name}
        </if>
        <if test="idtType != null and idtType != ''">
            and idt_type = #{idtType}
        </if>
        <if test="idtNo != null and idtNo != ''">
            and idt_no = #{idtNo}
        </if>
        <if test="wealthType != null and wealthType != ''">
            and wealth_type = #{wealthType}
        </if>
        <if test="wealthContent != null and wealthContent != ''">
            and wealth_content = #{wealthContent}
        </if>
        <if test="wealthWorth != null and wealthWorth != ''">
            and wealth_worth = #{wealthWorth}
        </if>
        <if test="createTime != null">
            and create_time = #{createTime}
        </if>
        <if test="createUser != null and createUser != ''">
            and create_user = #{createUser}
        </if>
        <if test="updateTime != null">
            and update_time = #{updateTime}
        </if>
        <if test="updateUser != null and updateUser != ''">
            and update_user = #{updateUser}
        </if>
        <if test="srcChannel != null and srcChannel != ''">
            and src_channel = #{srcChannel}
        </if>
        <if test="wealthName != null and wealthName != ''">
            and wealth_name = #{wealthName}
        </if>
        <if test="wealthBenefit != null and wealthBenefit != ''">
            and wealth_benefit = #{wealthBenefit}
        </if>

    </select>

    <!--统计总行数-->
    <select id="count" resultType="java.lang.Long">
        select count(1)
        from crm_user_wealth_info_detail
        where 1 = 1
        <if test="id != null">
            and id = #{id}
        </if>
        <if test="userId != null and userId != ''">
            and user_id = #{userId}
        </if>
        <if test="mchtId != null and mchtId != ''">
            and mcht_id = #{mchtId}
        </if>
        <if test="name != null and name != ''">
            and name = #{name}
        </if>
        <if test="idtType != null and idtType != ''">
            and idt_type = #{idtType}
        </if>
        <if test="idtNo != null and idtNo != ''">
            and idt_no = #{idtNo}
        </if>
        <if test="wealthType != null and wealthType != ''">
            and wealth_type = #{wealthType}
        </if>
        <if test="wealthContent != null and wealthContent != ''">
            and wealth_content = #{wealthContent}
        </if>
        <if test="wealthWorth != null and wealthWorth != ''">
            and wealth_worth = #{wealthWorth}
        </if>
        <if test="createTime != null">
            and create_time = #{createTime}
        </if>
        <if test="createUser != null and createUser != ''">
            and create_user = #{createUser}
        </if>
        <if test="updateTime != null">
            and update_time = #{updateTime}
        </if>
        <if test="updateUser != null and updateUser != ''">
            and update_user = #{updateUser}
        </if>
        <if test="srcChannel != null and srcChannel != ''">
            and src_channel = #{srcChannel}
        </if>
        <if test="wealthName != null and wealthName != ''">
            and wealth_name = #{wealthName}
        </if>
        <if test="wealthBenefit != null and wealthBenefit != ''">
            and wealth_benefit = #{wealthBenefit}
        </if>

    </select>

    <!--新增所有列-->
    <insert id="insert" keyProperty="id" useGeneratedKeys="true">
        insert into crm_user_wealth_info_detail(id, user_id, mcht_id, name, idt_type, idt_no, wealth_type,
                                                wealth_content, wealth_worth, create_time, create_user, update_time,
                                                update_user, src_channel, wealth_name, wealth_benefit)
        values (#{id}, #{userId}, #{mchtId}, #{name}, #{idtType}, #{idtNo}, #{wealthType}, #{wealthContent},
                #{wealthWorth}, #{createTime}, #{createUser}, #{updateTime}, #{updateUser}, #{srcChannel},
                #{wealthName}, #{wealthBenefit})
    </insert>

    <insert id="insertBatch" keyProperty="id" useGeneratedKeys="true">
        insert into crm_user_wealth_info_detail(id, user_id, mcht_id, name, idt_type, idt_no, wealth_type,
        wealth_content, wealth_worth, create_time, create_user, update_time, update_user, src_channel, wealth_name,
        wealth_benefit)
        values
        <foreach collection="entities" item="entity" separator=",">
            (#{entity.id}, #{entity.userId}, #{entity.mchtId}, #{entity.name}, #{entity.idtType}, #{entity.idtNo},
            #{entity.wealthType}, #{entity.wealthContent}, #{entity.wealthWorth}, #{entity.createTime},
            #{entity.createUser}, #{entity.updateTime}, #{entity.updateUser}, #{entity.srcChannel},
            #{entity.wealthName}, #{entity.wealthBenefit})
        </foreach>
    </insert>

    <insert id="insertOrUpdateBatch" keyProperty="id" useGeneratedKeys="true">
        insert into crm_user_wealth_info_detail(id, user_id, mcht_id, name, idt_type, idt_no, wealth_type,
        wealth_content, wealth_worth, create_time, create_user, update_time, update_user, src_channel, wealth_name,
        wealth_benefit)
        values
        <foreach collection="entities" item="entity" separator=",">
            (#{entity.id}, #{entity.userId}, #{entity.mchtId}, #{entity.name}, #{entity.idtType}, #{entity.idtNo},
            #{entity.wealthType}, #{entity.wealthContent}, #{entity.wealthWorth}, #{entity.createTime},
            #{entity.createUser}, #{entity.updateTime}, #{entity.updateUser}, #{entity.srcChannel},
            #{entity.wealthName}, #{entity.wealthBenefit})
        </foreach>
        on duplicate key update
        id = values(id),
        user_id = values(user_id),
        mcht_id = values(mcht_id),
        name = values(name),
        idt_type = values(idt_type),
        idt_no = values(idt_no),
        wealth_type = values(wealth_type),
        wealth_content = values(wealth_content),
        wealth_worth = values(wealth_worth),
        create_time = values(create_time),
        create_user = values(create_user),
        update_time = values(update_time),
        update_user = values(update_user),
        src_channel = values(src_channel),
        wealth_name = values(wealth_name),
        wealth_benefit = values(wealth_benefit)
    </insert>

    <!--通过主键修改数据-->
    <update id="update">
        update crm_user_wealth_info_detail
        <set>
            <if test="userId != null and userId != ''">
                user_id = #{userId},
            </if>
            <if test="mchtId != null and mchtId != ''">
                mcht_id = #{mchtId},
            </if>
            <if test="name != null and name != ''">
                name = #{name},
            </if>
            <if test="idtType != null and idtType != ''">
                idt_type = #{idtType},
            </if>
            <if test="idtNo != null and idtNo != ''">
                idt_no = #{idtNo},
            </if>
            <if test="wealthType != null and wealthType != ''">
                wealth_type = #{wealthType},
            </if>
            <if test="wealthContent != null and wealthContent != ''">
                wealth_content = #{wealthContent},
            </if>
            <if test="wealthWorth != null and wealthWorth != ''">
                wealth_worth = #{wealthWorth},
            </if>
            <if test="createTime != null">
                create_time = #{createTime},
            </if>
            <if test="createUser != null and createUser != ''">
                create_user = #{createUser},
            </if>
            <if test="updateTime != null">
                update_time = #{updateTime},
            </if>
            <if test="updateUser != null and updateUser != ''">
                update_user = #{updateUser},
            </if>
            <if test="srcChannel != null and srcChannel != ''">
                src_channel = #{srcChannel},
            </if>
            <if test="wealthName != null and wealthName != ''">
                wealth_name = #{wealthName},
            </if>
            <if test="wealthBenefit != null and wealthBenefit != ''">
                wealth_benefit = #{wealthBenefit},
            </if>
        </set>
        where id = #{id}
    </update>

    <!--通过主键删除-->
    <delete id="deleteById">
        delete
        from crm_user_wealth_info_detail
        where id = #{id}
    </delete>

</mapper>

