<?xml version="1.0" encoding="UTF-8"?>
<!DOCTYPE mapper PUBLIC "-//mybatis.org//DTD Mapper 3.0//EN" "http://mybatis.org/dtd/mybatis-3-mapper.dtd">
<mapper namespace="com.chinatechstar.crm.dao.CrmUserInfoWorkDao">

    <resultMap type="com.chinatechstar.crm.entity.CrmUserInfoWork" id="CrmUserInfoWorkMap">
        <result property="id" column="id" jdbcType="INTEGER"/>
        <result property="userId" column="user_id" jdbcType="INTEGER"/>
        <result property="mchtId" column="mcht_id" jdbcType="INTEGER"/>
        <result property="workType" column="work_type" jdbcType="VARCHAR"/>
        <result property="employType" column="employ_type" jdbcType="VARCHAR"/>
        <result property="companyName" column="company_name" jdbcType="VARCHAR"/>
        <result property="companyProp" column="company_prop" jdbcType="VARCHAR"/>
        <result property="companyAddress" column="company_address" jdbcType="VARCHAR"/>
        <result property="companyPost" column="company_post" jdbcType="VARCHAR"/>
        <result property="industry" column="industry" jdbcType="VARCHAR"/>
        <result property="department" column="department" jdbcType="VARCHAR"/>
        <result property="level" column="level" jdbcType="VARCHAR"/>
        <result property="entryTime" column="entry_time" jdbcType="TIMESTAMP"/>
        <result property="payType" column="pay_type" jdbcType="VARCHAR"/>
        <result property="companyPhone" column="company_phone" jdbcType="VARCHAR"/>
        <result property="salaryAvg" column="salary_avg" jdbcType="NUMERIC"/>
        <result property="salaryOther" column="salary_other" jdbcType="NUMERIC"/>
        <result property="payDay" column="pay_day" jdbcType="INTEGER"/>
        <result property="createTime" column="create_time" jdbcType="TIMESTAMP"/>
        <result property="createUser" column="create_user" jdbcType="VARCHAR"/>
        <result property="updateTime" column="update_time" jdbcType="TIMESTAMP"/>
        <result property="updateUser" column="update_user" jdbcType="VARCHAR"/>
    </resultMap>

    <sql id="queryConditions">
        <if test="workType != null and workType != ''">
            and work_type = #{workType}
        </if>
        <if test="employType != null and employType != ''">
            and employ_type = #{employType}
        </if>
        <if test="companyName != null and companyName != ''">
            and company_name LIKE CONCAT('%',#{companyName},'%')
        </if>
        <if test="companyProp != null and companyProp != ''">
            and company_prop LIKE CONCAT('%',#{companyProp},'%')
        </if>
        <if test="companyAddress != null and companyAddress != ''">
            and company_address LIKE CONCAT('%',#{companyAddress},'%')
        </if>
        <if test="companyPost != null and companyPost != ''">
            and company_post LIKE CONCAT('%',#{companyPost},'%')
        </if>
        <if test="industry != null and industry != ''">
            and industry LIKE CONCAT('%',#{industry},'%')
        </if>
        <if test="department != null and department != ''">
            and department LIKE CONCAT('%',#{department},'%')
        </if>
        <if test="level != null and level != ''">
            and level LIKE CONCAT('%',#{level},'%')
        </if>
        <if test="entryTime != null">
            and entry_time = #{entryTime}
        </if>
        <if test="payType != null and payType != ''">
            and pay_type LIKE CONCAT('%',#{payType},'%')
        </if>
        <if test="companyPhone != null and companyPhone != ''">
            and company_phone LIKE CONCAT('%',#{companyPhone},'%')
        </if>
        <if test="salaryAvg != null">
            and salary_avg = #{salaryAvg}
        </if>
        <if test="salaryOther != null">
            and salary_other = #{salaryOther}
        </if>
        <if test="payDay != null">
            and pay_day = #{payDay}
        </if>
        <if test="createTime != null">
            and create_time = #{createTime}
        </if>
        <if test="createUser != null and createUser != ''">
            and create_user LIKE CONCAT('%',#{createUser},'%')
        </if>

    </sql>
    <!--查询单个-->
    <select id="queryById" resultMap="CrmUserInfoWorkMap">
        select id,
               user_id,
               mcht_id,
               work_type,
               employ_type,
               company_name,
               company_prop,
               company_address,
               company_post,
               industry,
               department,
               level,
               entry_time,
               pay_type,
               company_phone,
               salary_avg,
               salary_other,
               pay_day,
               create_time,
               create_user,
               update_time,
               update_user
        from crm_user_info_work
        where id = #{id}
    </select>

    <!--查询指定行数据-->
    <select id="queryAllByPage" resultMap="CrmUserInfoWorkMap">
        select
        id, user_id, mcht_id, work_type, employ_type, company_name, company_prop, company_address, company_post,
        industry, department, level, entry_time, pay_type, company_phone, salary_avg, salary_other, pay_day,
        create_time, create_user, update_time, update_user
        from crm_user_info_work
        where 1 = 1
        <include refid="queryConditions"></include>
        <if test="userId != null">
            and user_id = #{userId}
        </if>
        <if test="mchtId != null">
            and mcht_id = #{mchtId}
        </if>
        order by create_time desc
    </select>

    <!--统计总行数-->
    <select id="count" resultType="java.lang.Long">
        select count(1)
        from crm_user_info_work
        where 1 = 1
        <if test="id != null">
            and id = #{id}
        </if>
        <if test="userId != null">
            and user_id = #{userId}
        </if>
        <if test="mchtId != null">
            and mcht_id = #{mchtId}
        </if>
        <if test="workType != null and workType != ''">
            and work_type = #{workType}
        </if>
        <if test="employType != null and employType != ''">
            and employ_type = #{employType}
        </if>
        <if test="companyName != null and companyName != ''">
            and company_name = #{companyName}
        </if>
        <if test="companyProp != null and companyProp != ''">
            and company_prop = #{companyProp}
        </if>
        <if test="companyAddress != null and companyAddress != ''">
            and company_address = #{companyAddress}
        </if>
        <if test="companyPost != null and companyPost != ''">
            and company_post = #{companyPost}
        </if>
        <if test="industry != null and industry != ''">
            and industry = #{industry}
        </if>
        <if test="department != null and department != ''">
            and department = #{department}
        </if>
        <if test="level != null and level != ''">
            and level = #{level}
        </if>
        <if test="entryTime != null">
            and entry_time = #{entryTime}
        </if>
        <if test="payType != null and payType != ''">
            and pay_type = #{payType}
        </if>
        <if test="companyPhone != null and companyPhone != ''">
            and company_phone = #{companyPhone}
        </if>
        <if test="salaryAvg != null">
            and salary_avg = #{salaryAvg}
        </if>
        <if test="salaryOther != null">
            and salary_other = #{salaryOther}
        </if>
        <if test="payDay != null">
            and pay_day = #{payDay}
        </if>
        <if test="createTime != null">
            and create_time = #{createTime}
        </if>
        <if test="createUser != null and createUser != ''">
            and create_user = #{createUser}
        </if>
        <if test="updateTime != null">
            and update_time = #{updateTime}
        </if>
        <if test="updateUser != null and updateUser != ''">
            and update_user = #{updateUser}
        </if>

    </select>

    <!--新增所有列-->
    <insert id="insert" keyProperty="id" useGeneratedKeys="true">
        insert into crm_user_info_work(id, user_id, mcht_id, work_type, employ_type, company_name, company_prop,
                                       company_address, company_post, industry, department, level, entry_time, pay_type,
                                       company_phone, salary_avg, salary_other, pay_day, create_time, create_user,
                                       update_time, update_user)
        values (#{id}, #{userId}, #{mchtId}, #{workType}, #{employType}, #{companyName}, #{companyProp},
                #{companyAddress}, #{companyPost}, #{industry}, #{department}, #{level}, #{entryTime}, #{payType},
                #{companyPhone}, #{salaryAvg}, #{salaryOther}, #{payDay}, #{createTime}, #{createUser}, #{updateTime},
                #{updateUser})
    </insert>

    <insert id="insertBatch" keyProperty="id" useGeneratedKeys="true">
        insert into crm_user_info_work(id, user_id, mcht_id, work_type, employ_type, company_name, company_prop,
        company_address, company_post, industry, department, level, entry_time, pay_type, company_phone, salary_avg,
        salary_other, pay_day, create_time, create_user, update_time, update_user)
        values
        <foreach collection="entities" item="entity" separator=",">
            (#{entity.id}, #{entity.userId}, #{entity.mchtId}, #{entity.workType}, #{entity.employType},
            #{entity.companyName}, #{entity.companyProp}, #{entity.companyAddress}, #{entity.companyPost},
            #{entity.industry}, #{entity.department}, #{entity.level}, #{entity.entryTime}, #{entity.payType},
            #{entity.companyPhone}, #{entity.salaryAvg}, #{entity.salaryOther}, #{entity.payDay}, #{entity.createTime},
            #{entity.createUser}, #{entity.updateTime}, #{entity.updateUser})
        </foreach>
    </insert>

    <insert id="insertOrUpdateBatch" keyProperty="id" useGeneratedKeys="true">
        insert into crm_user_info_work(id, user_id, mcht_id, work_type, employ_type, company_name, company_prop,
        company_address, company_post, industry, department, level, entry_time, pay_type, company_phone, salary_avg,
        salary_other, pay_day, create_time, create_user, update_time, update_user)
        values
        <foreach collection="entities" item="entity" separator=",">
            (#{entity.id}, #{entity.userId}, #{entity.mchtId}, #{entity.workType}, #{entity.employType},
            #{entity.companyName}, #{entity.companyProp}, #{entity.companyAddress}, #{entity.companyPost},
            #{entity.industry}, #{entity.department}, #{entity.level}, #{entity.entryTime}, #{entity.payType},
            #{entity.companyPhone}, #{entity.salaryAvg}, #{entity.salaryOther}, #{entity.payDay}, #{entity.createTime},
            #{entity.createUser}, #{entity.updateTime}, #{entity.updateUser})
        </foreach>
        on duplicate key update
        id = values(id),
        user_id = values(user_id),
        mcht_id = values(mcht_id),
        work_type = values(work_type),
        employ_type = values(employ_type),
        company_name = values(company_name),
        company_prop = values(company_prop),
        company_address = values(company_address),
        company_post = values(company_post),
        industry = values(industry),
        department = values(department),
        level = values(level),
        entry_time = values(entry_time),
        pay_type = values(pay_type),
        company_phone = values(company_phone),
        salary_avg = values(salary_avg),
        salary_other = values(salary_other),
        pay_day = values(pay_day),
        create_time = values(create_time),
        create_user = values(create_user),
        update_time = values(update_time),
        update_user = values(update_user)
    </insert>

    <!--通过主键修改数据-->
    <update id="update">
        update crm_user_info_work
        <set>
            <if test="userId != null">
                user_id = #{userId},
            </if>
            <if test="mchtId != null">
                mcht_id = #{mchtId},
            </if>
            <if test="workType != null and workType != ''">
                work_type = #{workType},
            </if>
            <if test="employType != null and employType != ''">
                employ_type = #{employType},
            </if>
            <if test="companyName != null and companyName != ''">
                company_name = #{companyName},
            </if>
            <if test="companyProp != null and companyProp != ''">
                company_prop = #{companyProp},
            </if>
            <if test="companyAddress != null and companyAddress != ''">
                company_address = #{companyAddress},
            </if>
            <if test="companyPost != null and companyPost != ''">
                company_post = #{companyPost},
            </if>
            <if test="industry != null and industry != ''">
                industry = #{industry},
            </if>
            <if test="department != null and department != ''">
                department = #{department},
            </if>
            <if test="level != null and level != ''">
                level = #{level},
            </if>
            <if test="entryTime != null">
                entry_time = #{entryTime},
            </if>
            <if test="payType != null and payType != ''">
                pay_type = #{payType},
            </if>
            <if test="companyPhone != null and companyPhone != ''">
                company_phone = #{companyPhone},
            </if>
            <if test="salaryAvg != null">
                salary_avg = #{salaryAvg},
            </if>
            <if test="salaryOther != null">
                salary_other = #{salaryOther},
            </if>
            <if test="payDay != null">
                pay_day = #{payDay},
            </if>
            <if test="createTime != null">
                create_time = #{createTime},
            </if>
            <if test="createUser != null and createUser != ''">
                create_user = #{createUser},
            </if>
            <if test="updateTime != null">
                update_time = #{updateTime},
            </if>
            <if test="updateUser != null and updateUser != ''">
                update_user = #{updateUser},
            </if>
        </set>
        where id = #{id}
    </update>

    <!--通过主键删除-->
    <delete id="deleteById">
        delete
        from crm_user_info_work
        where id = #{id}
    </delete>

</mapper>

