<?xml version="1.0" encoding="UTF-8"?>
<!DOCTYPE mapper PUBLIC "-//mybatis.org//DTD Mapper 3.0//EN" "http://mybatis.org/dtd/mybatis-3-mapper.dtd">
<mapper namespace="com.chinatechstar.crm.dao.CrmParamSexDao">

    <resultMap type="com.chinatechstar.crm.entity.CrmParamSex" id="CrmParamSexMap">
        <result property="sex" column="sex" jdbcType="VARCHAR"/>
        <result property="id" column="id" jdbcType="INTEGER"/>
        <result property="img" column="img" jdbcType="VARCHAR"/>
        <result property="srcChannel" column="src_channel" jdbcType="VARCHAR"/>
        <result property="mchtId" column="mcht_id" jdbcType="INTEGER"/>
        <result property="status" column="status" jdbcType="VARCHAR"/>
    </resultMap>

    <!--查询单个-->
    <select id="queryById" resultMap="CrmParamSexMap">
        select sex,
               id,
               img,
               src_channel,
               mcht_id,
               status
        from crm_param_sex
        where id = #{id}
    </select>

    <!--查询指定行数据-->
    <select id="queryAllByLimit" resultMap="CrmParamSexMap">
        select
        sex, id, img, src_channel, mcht_id, status
        from crm_param_sex
        <where>
            <if test="sex != null and sex != ''">
                and sex = #{sex}
            </if>
            <if test="id != null">
                and id = #{id}
            </if>
            <if test="img != null and img != ''">
                and img = #{img}
            </if>
            <if test="srcChannel != null and srcChannel != ''">
                and src_channel = #{srcChannel}
            </if>
            <if test="mchtId != null">
                and mcht_id = #{mchtId}
            </if>
            <if test="status != null and status != ''">
                and status = #{status}
            </if>
        </where>
        limit #{pageable.offset}, #{pageable.pageSize}
    </select>

    <!--统计总行数-->
    <select id="count" resultType="java.lang.Long">
        select count(1)
        from crm_param_sex
        <where>
            <if test="sex != null and sex != ''">
                and sex = #{sex}
            </if>
            <if test="id != null">
                and id = #{id}
            </if>
            <if test="img != null and img != ''">
                and img = #{img}
            </if>
            <if test="srcChannel != null and srcChannel != ''">
                and src_channel = #{srcChannel}
            </if>
            <if test="mchtId != null">
                and mcht_id = #{mchtId}
            </if>
            <if test="status != null and status != ''">
                and status = #{status}
            </if>
        </where>
    </select>

    <!--新增所有列-->
    <insert id="insert" keyProperty="id" useGeneratedKeys="true">
        insert into crm_param_sex(sex, img, src_channel, mcht_id, status)
        values (#{sex}, #{img}, #{srcChannel}, #{mchtId}, #{status})
    </insert>

    <insert id="insertBatch" keyProperty="id" useGeneratedKeys="true">
        insert into crm_param_sex(sex, img, src_channel, mcht_id, status)
        values
        <foreach collection="entities" item="entity" separator=",">
            (#{entity.sex}, #{entity.img}, #{entity.srcChannel}, #{entity.mchtId}, #{entity.status})
        </foreach>
    </insert>

    <insert id="insertOrUpdateBatch" keyProperty="id" useGeneratedKeys="true">
        insert into crm_param_sex(sex, img, src_channel, mcht_id, status)
        values
        <foreach collection="entities" item="entity" separator=",">
            (#{entity.sex}, #{entity.img}, #{entity.srcChannel}, #{entity.mchtId}, #{entity.status})
        </foreach>
        on duplicate key update
        sex = values(sex),
        img = values(img),
        src_channel = values(src_channel),
        mcht_id = values(mcht_id),
        status = values(status)
    </insert>

    <!--通过主键修改数据-->
    <update id="update">
        update crm_param_sex
        <set>
            <if test="sex != null and sex != ''">
                sex = #{sex},
            </if>
            <if test="img != null and img != ''">
                img = #{img},
            </if>
            <if test="srcChannel != null and srcChannel != ''">
                src_channel = #{srcChannel},
            </if>
            <if test="mchtId != null">
                mcht_id = #{mchtId},
            </if>
            <if test="status != null and status != ''">
                status = #{status},
            </if>
        </set>
        where id = #{id}
    </update>

    <!--通过主键删除-->
    <delete id="deleteById">
        delete
        from crm_param_sex
        where id = #{id}
    </delete>

</mapper>

