<?xml version="1.0" encoding="UTF-8"?>
<!DOCTYPE mapper PUBLIC "-//mybatis.org//DTD Mapper 3.0//EN" "http://mybatis.org/dtd/mybatis-3-mapper.dtd">
<mapper namespace=".dao.CrmRelationCorpInfoDao">

    <resultMap type=".com.chinatechstar.crm.entity.CrmRelationCorpInfo" id="CrmRelationCorpInfoMap">
        <result property="id" column="id" jdbcType="INTEGER"/>
        <result property="corpName" column="corp_name" jdbcType="INTEGER"/>
        <result property="corpCode" column="corp_code" jdbcType="VARCHAR"/>
        <result property="corpTel" column="corp_tel" jdbcType="VARCHAR"/>
        <result property="corpPerson" column="corp_person" jdbcType="INTEGER"/>
        <result property="corpPersonMobile" column="corp_person_mobile" jdbcType="VARCHAR"/>
        <result property="contactName" column="contact_name" jdbcType="VARCHAR"/>
        <result property="contactMobile" column="contact_mobile" jdbcType="VARCHAR"/>
    </resultMap>

    <!--查询单个-->
    <select id="queryById" resultMap="CrmRelationCorpInfoMap">
        select id,
               corp_name,
               corp_code,
               corp_tel,
               corp_person,
               corp_person_mobile,
               contact_name,
               contact_mobile
        from crm_relation_corp_info
        where id = #{id}
    </select>

    <!--查询指定行数据-->
    <select id="queryAllByLimit" resultMap="CrmRelationCorpInfoMap">
        select
        id, corp_name, corp_code, corp_tel, corp_person, corp_person_mobile, contact_name, contact_mobile
        from crm_relation_corp_info
        <where>
            <if test="id != null">
                and id = #{id}
            </if>
            <if test="corpName != null">
                and corp_name = #{corpName}
            </if>
            <if test="corpCode != null and corpCode != ''">
                and corp_code = #{corpCode}
            </if>
            <if test="corpTel != null and corpTel != ''">
                and corp_tel = #{corpTel}
            </if>
            <if test="corpPerson != null">
                and corp_person = #{corpPerson}
            </if>
            <if test="corpPersonMobile != null and corpPersonMobile != ''">
                and corp_person_mobile = #{corpPersonMobile}
            </if>
            <if test="contactName != null and contactName != ''">
                and contact_name = #{contactName}
            </if>
            <if test="contactMobile != null and contactMobile != ''">
                and contact_mobile = #{contactMobile}
            </if>
        </where>
        limit #{pageable.offset}, #{pageable.pageSize}
    </select>

    <!--统计总行数-->
    <select id="count" resultType="java.lang.Long">
        select count(1)
        from crm_relation_corp_info
        <where>
            <if test="id != null">
                and id = #{id}
            </if>
            <if test="corpName != null">
                and corp_name = #{corpName}
            </if>
            <if test="corpCode != null and corpCode != ''">
                and corp_code = #{corpCode}
            </if>
            <if test="corpTel != null and corpTel != ''">
                and corp_tel = #{corpTel}
            </if>
            <if test="corpPerson != null">
                and corp_person = #{corpPerson}
            </if>
            <if test="corpPersonMobile != null and corpPersonMobile != ''">
                and corp_person_mobile = #{corpPersonMobile}
            </if>
            <if test="contactName != null and contactName != ''">
                and contact_name = #{contactName}
            </if>
            <if test="contactMobile != null and contactMobile != ''">
                and contact_mobile = #{contactMobile}
            </if>
        </where>
    </select>

    <!--新增所有列-->
    <insert id="insert" keyProperty="id" useGeneratedKeys="true">
        insert into crm_relation_corp_info(corp_name, corp_code, corp_tel, corp_person, corp_person_mobile,
                                           contact_name, contact_mobile)
        values (#{corpName}, #{corpCode}, #{corpTel}, #{corpPerson}, #{corpPersonMobile}, #{contactName},
                #{contactMobile})
    </insert>

    <insert id="insertBatch" keyProperty="id" useGeneratedKeys="true">
        insert into crm_relation_corp_info(corp_name, corp_code, corp_tel, corp_person, corp_person_mobile,
        contact_name, contact_mobile)
        values
        <foreach collection="entities" item="entity" separator=",">
            (#{entity.corpName}, #{entity.corpCode}, #{entity.corpTel}, #{entity.corpPerson},
            #{entity.corpPersonMobile}, #{entity.contactName}, #{entity.contactMobile})
        </foreach>
    </insert>

    <insert id="insertOrUpdateBatch" keyProperty="id" useGeneratedKeys="true">
        insert into crm_relation_corp_info(corp_name, corp_code, corp_tel, corp_person, corp_person_mobile,
        contact_name, contact_mobile)
        values
        <foreach collection="entities" item="entity" separator=",">
            (#{entity.corpName}, #{entity.corpCode}, #{entity.corpTel}, #{entity.corpPerson},
            #{entity.corpPersonMobile}, #{entity.contactName}, #{entity.contactMobile})
        </foreach>
        on duplicate key update
        corp_name = values(corp_name),
        corp_code = values(corp_code),
        corp_tel = values(corp_tel),
        corp_person = values(corp_person),
        corp_person_mobile = values(corp_person_mobile),
        contact_name = values(contact_name),
        contact_mobile = values(contact_mobile)
    </insert>

    <!--通过主键修改数据-->
    <update id="update">
        update crm_relation_corp_info
        <set>
            <if test="corpName != null">
                corp_name = #{corpName},
            </if>
            <if test="corpCode != null and corpCode != ''">
                corp_code = #{corpCode},
            </if>
            <if test="corpTel != null and corpTel != ''">
                corp_tel = #{corpTel},
            </if>
            <if test="corpPerson != null">
                corp_person = #{corpPerson},
            </if>
            <if test="corpPersonMobile != null and corpPersonMobile != ''">
                corp_person_mobile = #{corpPersonMobile},
            </if>
            <if test="contactName != null and contactName != ''">
                contact_name = #{contactName},
            </if>
            <if test="contactMobile != null and contactMobile != ''">
                contact_mobile = #{contactMobile},
            </if>
        </set>
        where id = #{id}
    </update>

    <!--通过主键删除-->
    <delete id="deleteById">
        delete
        from crm_relation_corp_info
        where id = #{id}
    </delete>

</mapper>

