<?xml version="1.0" encoding="UTF-8"?>
<!DOCTYPE mapper PUBLIC "-//mybatis.org//DTD Mapper 3.0//EN" "http://mybatis.org/dtd/mybatis-3-mapper.dtd">

<mapper namespace="com.chinatechstar.auth.mapper.AppClientMapper">

    <select id="queryAppClient" parameterType="map" resultType="java.util.LinkedHashMap">
        SELECT client_id AS "clientId",client_secret AS "clientSecret",authorized_grant_types AS "authorizedGrantTypes",scope AS "scope",access_token_validity AS "accessTokenValidity",refresh_token_validity AS "refreshTokenValidity",web_server_redirect_uri AS "webServerRedirectUri",resource_ids AS "resourceIds",authorities AS "authorities",additional_information AS "additionalInformation",autoapprove AS "autoApprove"
        FROM mscode_oauth_client_details
  	    WHERE 1 = 1
      	<if test="clientId != null and clientId != ''">
    		AND client_id LIKE CONCAT('%',#{clientId},'%')
    	</if>
        <if test="status != null and status == 1">
            AND client_id NOT LIKE CONCAT('%','sso','%')
        </if>
        <if test="status != null and status == 2">
            AND client_id LIKE CONCAT('%','sso','%')
        </if>
        <if test="authorizedGrantTypes != null and authorizedGrantTypes != ''">
            AND authorized_grant_types LIKE CONCAT('%',#{authorizedGrantTypes},'%')
        </if>
        <if test="scope != null and scope != ''">
            AND scope LIKE CONCAT('%',#{scope},'%')
        </if>
        <if test="accessTokenValidity != null">
            AND access_token_validity = #{accessTokenValidity}
        </if>
        <if test="refreshTokenValidity != null">
            AND refresh_token_validity = #{refreshTokenValidity}
        </if>
        <if test="webServerRedirectUri != null and webServerRedirectUri != ''">
            AND web_server_redirect_uri LIKE CONCAT('%',#{webServerRedirectUri},'%')
        </if>
        <if test="resourceIds != null and resourceIds != ''">
            AND resource_ids LIKE CONCAT('%',#{resourceIds},'%')
        </if>
        <if test="authorities != null and authorities != ''">
            AND authorities LIKE CONCAT('%',#{authorities},'%')
        </if>
        <if test="additionalInformation != null and additionalInformation != ''">
            AND additional_information LIKE CONCAT('%',#{additionalInformation},'%')
        </if>
    </select>

    <select id="getAppClientByClientCode" resultType="Integer">
        SELECT DISTINCT 1
        FROM mscode_oauth_client_details
        WHERE client_id = #{clientId,jdbcType=VARCHAR}
    </select>

    <insert id="insertAppClient" parameterType="AppClient">
        INSERT INTO mscode_oauth_client_details
            (client_id, client_secret, authorized_grant_types, scope, access_token_validity, refresh_token_validity, web_server_redirect_uri, resource_ids, authorities, additional_information, autoapprove)
        VALUES
            (#{clientId,jdbcType=VARCHAR}, #{clientSecret,jdbcType=VARCHAR}, #{authorizedGrantTypes,jdbcType=VARCHAR}, #{scope,jdbcType=VARCHAR}, #{accessTokenValidity,jdbcType=BIGINT}, #{refreshTokenValidity,jdbcType=BIGINT}, #{webServerRedirectUri,jdbcType=VARCHAR}, #{resourceIds,jdbcType=VARCHAR}, #{authorities,jdbcType=VARCHAR}, #{additionalInformation,jdbcType=VARCHAR}, #{autoApprove,jdbcType=VARCHAR})
    </insert>

    <update id="updateAppClient" parameterType="AppClient">
        UPDATE mscode_oauth_client_details
        <set>
            <if test="authorizedGrantTypes != null and authorizedGrantTypes != ''">authorized_grant_types=#{authorizedGrantTypes},</if>
            <if test="scope != null and scope != ''">scope=#{scope},</if>
            client_secret=#{clientSecret,jdbcType=VARCHAR},
            access_token_validity=#{accessTokenValidity,jdbcType=BIGINT},
            refresh_token_validity=#{refreshTokenValidity,jdbcType=BIGINT},
            web_server_redirect_uri=#{webServerRedirectUri,jdbcType=VARCHAR},
            resource_ids=#{resourceIds,jdbcType=VARCHAR},
            authorities=#{authorities,jdbcType=VARCHAR},
            additional_information=#{additionalInformation,jdbcType=VARCHAR},
            autoapprove=#{autoApprove,jdbcType=VARCHAR},
        </set>
        WHERE client_id=#{clientId,jdbcType=VARCHAR}
    </update>

    <delete id="deleteAppClient">
		DELETE FROM mscode_oauth_client_details WHERE client_id IN
		<foreach item="clientId" collection="array" open="(" separator="," close=")">
			#{clientId,jdbcType=VARCHAR}
		</foreach>
	</delete>

</mapper>