<?xml version="1.0" encoding="UTF-8"?>
<!DOCTYPE mapper PUBLIC "-//mybatis.org//DTD Mapper 3.0//EN" "http://mybatis.org/dtd/mybatis-3-mapper.dtd">

<mapper namespace="com.chinatechstar.admin.mapper.SysDictMapper">

    <sql id="queryConditions">
        <if test="dictName != null and dictName != ''">
            AND dict_name LIKE CONCAT('%',#{dictName},'%')
        </if>
        <if test="dictValue != null and dictValue != ''">
            AND dict_value LIKE CONCAT('%',#{dictValue},'%')
        </if>
        <if test="dictType != null and dictType != ''">
            AND dict_type LIKE CONCAT('%',#{dictType},'%')
        </if>
        <if test="idArray != null and idArray.length > 0">
            AND parent_id IN
            <foreach item="id" collection="idArray" open="(" separator="," close=")">
                #{id}
            </foreach>
        </if>
        <if test="tenantCode != null and tenantCode != ''">
            AND tenant_code = #{tenantCode}
        </if>
    </sql>

    <select id="querySysDict" parameterType="map" resultType="java.util.LinkedHashMap">
        SELECT CAST(id AS CHAR) AS "id",dict_name AS "dictName",dict_value AS "dictValue",dict_type AS "dictType",dict_sequence AS "dictSequence",CAST(parent_id AS CHAR) AS "parentId",create_time AS "createTime"
        FROM mscode_sys_dict
  	    WHERE 1 = 1
        <include refid="queryConditions"></include>
        <if test="parentId != null">
            AND parent_id = #{parentId}
        </if>
        ORDER BY dict_sequence ASC
    </select>

    <select id="querySysDictTree" resultType="java.util.LinkedHashMap">
        SELECT CAST(id AS CHAR) AS "id",CAST(id AS CHAR) AS "key",dict_name AS "title",CAST(id AS CHAR) AS "value",CAST(parent_id AS CHAR) AS "parentId"
        FROM mscode_sys_dict
        WHERE tenant_code = #{tenantCode,jdbcType=VARCHAR}
        ORDER BY dict_sequence ASC
    </select>

    <select id="queryDictByDictType" resultType="java.util.LinkedHashMap">
        SELECT dict_name AS "name",dict_value AS "value"
        FROM mscode_sys_dict
        WHERE dict_type = #{dictType,jdbcType=VARCHAR} AND parent_id != 0 AND tenant_code = #{tenantCode,jdbcType=VARCHAR}
        ORDER BY dict_sequence ASC
    </select>

    <select id="queryDictByDictTypeCheckbox" resultType="java.util.LinkedHashMap">
        SELECT dict_name AS "label",dict_value AS "value"
        FROM mscode_sys_dict
        WHERE dict_type = #{dictType,jdbcType=VARCHAR} AND parent_id != 0 AND tenant_code = #{tenantCode,jdbcType=VARCHAR}
        ORDER BY dict_sequence ASC
    </select>

    <select id="getDictTypeByParentId" resultType="String">
        SELECT dict_type AS "dictType"
        FROM mscode_sys_dict
        WHERE id = #{parentId,jdbcType=BIGINT} AND tenant_code = #{tenantCode,jdbcType=VARCHAR}
    </select>
    
    <select id="getSysDictByDictType" resultType="Integer">
        SELECT DISTINCT 1
        FROM mscode_sys_dict
        WHERE dict_type = #{dictType,jdbcType=VARCHAR} AND tenant_code = #{tenantCode,jdbcType=VARCHAR}
    </select>
    
    <insert id="insertSysDict" parameterType="SysDict">
        INSERT INTO mscode_sys_dict
            (id, dict_name, dict_value, dict_type, dict_sequence, parent_id, tenant_code)
        VALUES
            (#{id,jdbcType=BIGINT}, #{dictName,jdbcType=VARCHAR}, #{dictValue,jdbcType=VARCHAR}, #{dictType,jdbcType=VARCHAR}, #{dictSequence,jdbcType=BIGINT}, #{parentId,jdbcType=BIGINT}, #{tenantCode,jdbcType=VARCHAR})
    </insert>

    <update id="updateSysDict" parameterType="SysDict">
        UPDATE mscode_sys_dict
        <set>
            <if test="dictName != null and dictName != ''">dict_name=#{dictName},</if>
            <if test="dictValue != null and dictValue != ''">dict_value=#{dictValue},</if>
            <if test="parentId != null">parent_id=#{parentId},</if>
            dict_sequence=#{dictSequence,jdbcType=BIGINT}
        </set>
        WHERE id=#{id,jdbcType=BIGINT} AND tenant_code = #{tenantCode,jdbcType=VARCHAR}
    </update>
    
    <delete id="deleteSysDict">
		DELETE FROM mscode_sys_dict WHERE id IN
		<foreach item="id" collection="array" open="(" separator="," close=")">
			#{id,jdbcType=BIGINT}
		</foreach>
        AND tenant_code = #{tenantCode,jdbcType=VARCHAR}
	</delete>

</mapper>