<?xml version="1.0" encoding="UTF-8"?>
<!DOCTYPE mapper PUBLIC "-//mybatis.org//DTD Mapper 3.0//EN" "http://mybatis.org/dtd/mybatis-3-mapper.dtd">

<mapper namespace="com.chinatechstar.admin.mapper.SysOrgMapper">

    <sql id="queryConditions">
        <if test="orgName != null and orgName != ''">
            AND mso.org_name LIKE CONCAT('%',#{orgName},'%')
        </if>
        <if test="orgType != null and orgType != 'null' and orgType != ''">
            AND mso.org_type = #{orgType}
        </if>
        <if test="orgDescription != null and orgDescription != ''">
            AND mso.org_description LIKE CONCAT('%',#{orgDescription},'%')
        </if>
        <if test="idArray != null and idArray.length > 0">
            AND mso.parent_id IN
            <foreach item="id" collection="idArray" open="(" separator="," close=")">
                #{id}
            </foreach>
        </if>
    </sql>

    <select id="querySysOrg" parameterType="map" resultType="java.util.LinkedHashMap">
        SELECT CAST(mso.id AS CHAR) AS "id",mso.org_name AS "orgName",mso.org_type AS "orgType",msd.dict_name AS "orgTypeCn",mso.org_description AS "orgDescription",mso.org_sequence AS "orgSequence",CAST(mso.parent_id AS CHAR) AS "parentId",mso.create_time AS "createTime"
        FROM mscode_sys_org mso LEFT JOIN mscode_sys_dict msd ON mso.org_type = msd.dict_value AND msd.dict_type = 'org'
        WHERE 1 = 1
        <include refid="queryConditions"></include>
        <if test="parentId != null">
            AND mso.parent_id = #{parentId}
        </if>
        <if test="tenantCode != null and tenantCode != ''">
            AND mso.tenant_code = #{tenantCode} AND msd.tenant_code = #{tenantCode}
        </if>
        ORDER BY mso.org_sequence ASC
    </select>

    <select id="querySysOrgTree" resultType="java.util.LinkedHashMap">
        SELECT CAST(id AS CHAR) AS "id",CAST(id AS CHAR) AS "key",org_name AS "title",CAST(id AS CHAR) AS "value",CAST(parent_id AS CHAR) AS "parentId"
        FROM mscode_sys_org
        WHERE tenant_code = #{tenantCode,jdbcType=VARCHAR}
        ORDER BY org_sequence ASC
    </select>

    <select id="queryOrgUserTree" resultType="java.util.LinkedHashMap">
        SELECT CAST(id AS CHAR) AS "id",org_name AS "label",CAST(parent_id AS CHAR) AS "pid"
        FROM mscode_sys_org
        WHERE tenant_code = #{tenantCode,jdbcType=VARCHAR}
        ORDER BY org_sequence ASC
    </select>

    <select id="queryOrgId" resultType="Long">
        SELECT id
        FROM mscode_sys_org
        WHERE tenant_code = #{tenantCode,jdbcType=VARCHAR}
    </select>

    <insert id="insertSysOrg" parameterType="SysOrg">
        INSERT INTO mscode_sys_org
        (id, org_name, org_type, org_description, org_sequence, parent_id, tenant_code)
        VALUES
            (#{id,jdbcType=BIGINT}, #{orgName,jdbcType=VARCHAR}, #{orgType,jdbcType=VARCHAR}, #{orgDescription,jdbcType=VARCHAR}, #{orgSequence,jdbcType=BIGINT}, #{parentId,jdbcType=BIGINT}, #{tenantCode,jdbcType=VARCHAR})
    </insert>

    <update id="updateSysOrg" parameterType="SysOrg">
        UPDATE mscode_sys_org
        <set>
            <if test="orgName != null and orgName != ''">org_name=#{orgName},</if>
            <if test="orgType != null and orgType != ''">org_type=#{orgType},</if>
            <if test="parentId != null">parent_id=#{parentId},</if>
            org_description=#{orgDescription,jdbcType=VARCHAR},
            org_sequence=#{orgSequence,jdbcType=BIGINT}
        </set>
        WHERE id=#{id,jdbcType=BIGINT} AND tenant_code = #{tenantCode,jdbcType=VARCHAR}
    </update>

    <delete id="deleteSysOrg">
        DELETE FROM mscode_sys_org WHERE id IN
        <foreach item="id" collection="array" open="(" separator="," close=")">
            #{id,jdbcType=BIGINT}
        </foreach>
        AND tenant_code = #{tenantCode,jdbcType=VARCHAR}
    </delete>

</mapper>