<?xml version="1.0" encoding="UTF-8"?>
<!DOCTYPE mapper PUBLIC "-//mybatis.org//DTD Mapper 3.0//EN" "http://mybatis.org/dtd/mybatis-3-mapper.dtd">

<mapper namespace="com.chinatechstar.admin.mapper.SysParamMapper">

    <select id="querySysParam" parameterType="map" resultType="java.util.LinkedHashMap">
        SELECT CAST(id AS CHAR) AS "id",param_name AS "paramName",param_key AS "paramKey",param_value AS "paramValue",create_time AS "createTime"
        FROM mscode_sys_param
  	    WHERE 1 = 1
      	<if test="paramName != null and paramName != ''">
    		AND param_name LIKE CONCAT('%',#{paramName},'%')
    	</if>
        <if test="paramKey != null and paramKey != ''">
            AND param_key LIKE CONCAT('%',#{paramKey},'%')
        </if>
        <if test="paramValue != null and paramValue != ''">
            AND param_value LIKE CONCAT('%',#{paramValue},'%')
        </if>
        <if test="tenantCode != null and tenantCode != ''">
            AND tenant_code = #{tenantCode}
        </if>
        <if test="sort != null and sequence != null">
            ORDER BY ${sort} ${sequence}
        </if>
    </select>
    
    <select id="getSysParamByParamName" resultType="Integer">
        SELECT DISTINCT 1
        FROM mscode_sys_param
        WHERE param_name = #{paramName,jdbcType=VARCHAR} AND tenant_code = #{tenantCode,jdbcType=VARCHAR}
    </select>

    <insert id="insertSysParam" parameterType="SysParam">
        INSERT INTO mscode_sys_param
            (id, param_name, param_key, param_value, tenant_code)
        VALUES
            (#{id,jdbcType=BIGINT}, #{paramName,jdbcType=VARCHAR}, #{paramKey,jdbcType=VARCHAR}, #{paramValue,jdbcType=VARCHAR}, #{tenantCode,jdbcType=VARCHAR})
    </insert>

    <update id="updateSysParam" parameterType="SysParam">
        UPDATE mscode_sys_param
        <set>
            <if test="paramKey != null and paramKey != ''">param_key=#{paramKey},</if>
            param_value=#{paramValue,jdbcType=VARCHAR}
        </set>
        WHERE id=#{id,jdbcType=BIGINT} AND tenant_code = #{tenantCode,jdbcType=VARCHAR}
    </update>
    
    <delete id="deleteSysParam">
		DELETE FROM mscode_sys_param WHERE id IN
		<foreach item="id" collection="array" open="(" separator="," close=")">
			#{id,jdbcType=BIGINT}
		</foreach>
        AND tenant_code = #{tenantCode,jdbcType=VARCHAR}
	</delete>

</mapper>