<?xml version="1.0" encoding="UTF-8"?>
<!DOCTYPE mapper PUBLIC "-//mybatis.org//DTD Mapper 3.0//EN" "http://mybatis.org/dtd/mybatis-3-mapper.dtd">

<mapper namespace="com.chinatechstar.admin.mapper.SysTenantMapper">

    <select id="querySysTenant" parameterType="map" resultType="java.util.LinkedHashMap">
        SELECT CAST(id AS CHAR) AS "id",tenant_code AS "tenantCode",tenant_name AS "tenantName",tenant_contact AS "tenantContact",tenant_email AS "tenantEmail",tenant_tel AS "tenantTel",create_time AS "createTime",domain AS "domain",start_time AS "startTime",end_time AS "endTime"
        FROM mscode_sys_tenant
        WHERE 1 = 1
        <if test="tenantCode != null and tenantCode != ''">
            AND tenant_code LIKE CONCAT('%',#{tenantCode},'%')
        </if>
        <if test="tenantName != null and tenantName != ''">
            AND tenant_name LIKE CONCAT('%',#{tenantName},'%')
        </if>
        <if test="domain != null and domain != ''">
            AND domain LIKE CONCAT('%',#{domain},'%')
        </if>
        <if test="startTime != null">
            <![CDATA[ AND start_time >= #{startTime,jdbcType=TIMESTAMP} ]]>
        </if>
        <if test="endTime != null">
            <![CDATA[ AND end_time <= #{endTime,jdbcType=TIMESTAMP} ]]>
        </if>
        <if test="tenantContact != null and tenantContact != ''">
            AND tenant_contact LIKE CONCAT('%',#{tenantContact},'%')
        </if>
        <if test="tenantEmail != null and tenantEmail != ''">
            AND tenant_email LIKE CONCAT('%',#{tenantEmail},'%')
        </if>
        <if test="tenantTel != null and tenantTel != ''">
            AND tenant_tel LIKE CONCAT('%',#{tenantTel},'%')
        </if>
        <if test="sort != null and sequence != null">
            ORDER BY ${sort} ${sequence}
        </if>
    </select>

    <select id="getSysTenantByTenantCode" resultType="Integer">
        SELECT DISTINCT 1
        FROM mscode_sys_tenant
        WHERE tenant_code = #{tenantCode,jdbcType=VARCHAR}
        <if test="id != null">
            AND id != #{id}
        </if>
    </select>

    <select id="getIdByCode" resultType="Long">
        SELECT id
        FROM mscode_sys_tenant
        WHERE tenant_code = #{tenantCode,jdbcType=VARCHAR}
    </select>

    <insert id="insertSysTenant" parameterType="SysTenant">
        INSERT INTO mscode_sys_tenant
        (id, tenant_code, tenant_name, domain, start_time, end_time, tenant_contact, tenant_email, tenant_tel)
        VALUES
            (#{id,jdbcType=BIGINT}, #{tenantCode,jdbcType=VARCHAR}, #{tenantName,jdbcType=VARCHAR}, #{domain,jdbcType=VARCHAR}, #{startTime,jdbcType=TIMESTAMP}, #{endTime,jdbcType=TIMESTAMP}, #{tenantContact,jdbcType=VARCHAR}, #{tenantEmail,jdbcType=VARCHAR}, #{tenantTel,jdbcType=VARCHAR})
    </insert>

    <update id="updateSysTenant" parameterType="SysTenant">
        UPDATE mscode_sys_tenant
        <set>
            <if test="tenantCode != null and tenantCode != ''">tenant_code=#{tenantCode},</if>
            <if test="tenantName != null and tenantName != ''">tenant_name=#{tenantName},</if>
            domain=#{domain,jdbcType=VARCHAR},
            start_time=#{startTime,jdbcType=TIMESTAMP},
            end_time=#{endTime,jdbcType=TIMESTAMP},
            tenant_contact=#{tenantContact,jdbcType=VARCHAR},
            tenant_email=#{tenantEmail,jdbcType=VARCHAR},
            tenant_tel=#{tenantTel,jdbcType=VARCHAR}
        </set>
        WHERE id=#{id,jdbcType=BIGINT}
    </update>

    <delete id="deleteSysTenant">
        DELETE FROM mscode_sys_tenant WHERE id IN
        <foreach item="id" collection="array" open="(" separator="," close=")">
            #{id,jdbcType=BIGINT}
        </foreach>
    </delete>

</mapper>