<?xml version="1.0" encoding="UTF-8"?>
<!DOCTYPE mapper PUBLIC "-//mybatis.org//DTD Mapper 3.0//EN" "http://mybatis.org/dtd/mybatis-3-mapper.dtd">

<mapper namespace="com.chinatechstar.admin.mapper.SysUserPostMapper">

    <sql id="queryConditions">
        <if test="userId != null">
            AND user_id = #{userId}
        </if>
        <if test="postCode != null and postCode != ''">
            AND msup.post_code LIKE CONCAT('%',#{postCode},'%')
        </if>
        <if test="postName != null and postName != ''">
            AND msup.post_name LIKE CONCAT('%',#{postName},'%')
        </if>
        <if test="postType != null">
            AND msup.post_type = #{postType}
        </if>
        <if test="status != null">
            AND msup.status = #{status}
        </if>
        <if test="postDescription != null and postDescription != ''">
            AND msup.post_description LIKE CONCAT('%',#{postDescription},'%')
        </if>
        <if test="tenantCode != null and tenantCode != ''">
            AND msup.tenant_code = #{tenantCode}
        </if>
        <if test="sort != null and sequence != null">
            ORDER BY ${sort} ${sequence}
        </if>
    </sql>

    <select id="querySysUserPost" parameterType="map" resultType="java.util.LinkedHashMap">
        SELECT CAST(msup.id AS CHAR) AS "id",CAST(msup.user_id AS CHAR) AS "userId",msup.post_code AS "postCode",msup.post_name AS "postName",msup.post_description AS "postDescription",msup.post_type AS "postType",msup.status AS "status",msup.create_time AS "createTime"
        FROM mscode_sys_user_post msup
        WHERE 1 = 1
        <include refid="queryConditions"></include>
    </select>

    <select id="getSysUserPostInfo" resultType="Integer">
        SELECT count(*)
        FROM mscode_sys_user_post
        WHERE user_id = #{userId,jdbcType=BIGINT} AND post_type = #{postType,jdbcType=SMALLINT}
        <if test="id != null">
            AND id != #{id}
        </if>
        AND tenant_code = #{tenantCode,jdbcType=VARCHAR}
    </select>

    <select id="querySysUserPostTree" resultType="java.util.LinkedHashMap">
        SELECT post_name AS "name",post_code AS "value"
        FROM mscode_sys_user_post
        WHERE user_id = #{userId,jdbcType=BIGINT} AND tenant_code = #{tenantCode,jdbcType=VARCHAR}
    </select>

    <insert id="insertSysUserPost" parameterType="SysUserPost">
        INSERT INTO mscode_sys_user_post
        (id, user_id, post_code, post_name, post_type, post_description, status, tenant_code)
        VALUES
            (#{id,jdbcType=BIGINT}, #{userId,jdbcType=BIGINT}, #{postCode,jdbcType=VARCHAR}, #{postName,jdbcType=VARCHAR}, #{postType,jdbcType=SMALLINT}, #{postDescription,jdbcType=VARCHAR}, #{status,jdbcType=SMALLINT}, #{tenantCode,jdbcType=VARCHAR})
    </insert>

    <update id="updateSysUserPost" parameterType="SysUserPost">
        UPDATE mscode_sys_user_post
        <set>
            <if test="postCode != null">post_code=#{postCode},</if>
            <if test="postName != null">post_name=#{postName},</if>
            <if test="postType != null">post_type=#{postType},</if>
            <if test="status != null">status=#{status},</if>
            post_description=#{postDescription,jdbcType=VARCHAR}
        </set>
        WHERE id=#{id,jdbcType=BIGINT} AND tenant_code = #{tenantCode,jdbcType=VARCHAR}
    </update>

    <delete id="deleteSysUserPost">
        DELETE FROM mscode_sys_user_post
        WHERE id IN
        <foreach item="id" collection="array" open="(" separator="," close=")">
            #{id,jdbcType=BIGINT}
        </foreach>
        AND tenant_code = #{tenantCode,jdbcType=VARCHAR}
    </delete>

</mapper>