<?xml version="1.0" encoding="UTF-8"?>
<!DOCTYPE mapper PUBLIC "-//mybatis.org//DTD Mapper 3.0//EN" "http://mybatis.org/dtd/mybatis-3-mapper.dtd">

<mapper namespace="com.chinatechstar.admin.mapper.SysUrlMapper">

    <select id="querySysUrl" parameterType="map" resultType="java.util.LinkedHashMap">
        SELECT CAST(id AS CHAR) AS "id",url AS "url",description AS "description",create_time AS "createTime"
        FROM mscode_sys_url
  	    WHERE 1 = 1
      	<if test="url != null and url != ''">
    		AND url LIKE CONCAT('%',#{url},'%')
    	</if>
      	<if test="description != null and description != ''">
    		AND description LIKE CONCAT('%',#{description},'%')
    	</if>
		<if test="menuCode != null and menuCode != ''">
    		AND url REGEXP #{menuCode}
    	</if>
        <if test="roleId != null">
            AND (SELECT MAX(1) FROM mscode_sys_role_url WHERE mscode_sys_role_url.url_id = mscode_sys_url.id AND role_id IN
			<foreach item="id" collection="roleId" open="(" separator="," close=")">
				#{id,jdbcType=BIGINT}
			</foreach>
            AND mscode_sys_role_url.tenant_code = #{tenantCode})
        </if>
        <if test="tenantCode != null and tenantCode != ''">
            AND mscode_sys_url.tenant_code = #{tenantCode}
        </if>
        <if test="sort != null and sequence != null">
            ORDER BY ${sort} ${sequence}
        </if>
    </select>

    <select id="getSysUrlByUrl" resultType="Integer">
        SELECT DISTINCT 1
        FROM mscode_sys_url
        WHERE url = #{url,jdbcType=VARCHAR} AND tenant_code = #{tenantCode,jdbcType=VARCHAR}
    </select>
    
    <select id="queryRoleIdByUrlId" resultType="String">
        SELECT CAST(role_id AS CHAR) AS "roleId"
        FROM mscode_sys_role_url
        WHERE url_id = #{urlId,jdbcType=BIGINT} AND tenant_code = #{tenantCode,jdbcType=VARCHAR}
    </select>

    <select id="queryRoleUrl" resultType="String">
        SELECT msu.url AS "url" 
        FROM mscode_sys_role_url mur RIGHT JOIN mscode_sys_url msu ON mur.url_id = msu.id RIGHT JOIN mscode_sys_role msr ON mur.role_id = msr.id
        WHERE msr.role_code = #{roleCode,jdbcType=VARCHAR}
    </select>

    <select id="queryUrlIdByRoleId" resultType="String">
        SELECT CAST(url_id AS CHAR) AS "urlId"
        FROM mscode_sys_role_url
        WHERE role_id = #{roleId,jdbcType=BIGINT} AND tenant_code = #{tenantCode,jdbcType=VARCHAR}
    </select>

    <insert id="insertSysUrl" parameterType="SysUrl">
        INSERT INTO mscode_sys_url
            (id, url, description, tenant_code)
        VALUES
            (#{id,jdbcType=BIGINT}, #{url,jdbcType=VARCHAR}, #{description,jdbcType=VARCHAR}, #{tenantCode,jdbcType=VARCHAR})
    </insert>

    <insert id="insertUrlIdRoleId">
        INSERT INTO mscode_sys_role_url
            (id, url_id, role_id, tenant_code)
        VALUES
            (#{id,jdbcType=BIGINT}, #{urlId,jdbcType=BIGINT}, #{roleId,jdbcType=BIGINT}, #{tenantCode,jdbcType=VARCHAR})
    </insert>

    <update id="updateSysUrl" parameterType="SysUrl">
        UPDATE mscode_sys_url
        <set>
            <if test="url != null and url != ''">url=#{url},</if>
            description=#{description,jdbcType=VARCHAR}
        </set>
        WHERE id=#{id,jdbcType=BIGINT} AND tenant_code = #{tenantCode,jdbcType=VARCHAR}
    </update>
    
    <delete id="deleteSysUrl">
        DELETE mscode_sys_url,mscode_sys_role_url 
        FROM mscode_sys_url LEFT JOIN mscode_sys_role_url ON mscode_sys_url.id = mscode_sys_role_url.url_id AND mscode_sys_url.tenant_code = #{tenantCode,jdbcType=VARCHAR} AND mscode_sys_role_url.tenant_code = #{tenantCode,jdbcType=VARCHAR}
        WHERE mscode_sys_url.id IN
		<foreach item="id" collection="array" open="(" separator="," close=")">
			#{id,jdbcType=BIGINT}
		</foreach>
	</delete>

    <delete id="deleteUrlRole">
        DELETE FROM mscode_sys_role_url WHERE url_id = #{urlId,jdbcType=BIGINT} AND tenant_code = #{tenantCode,jdbcType=VARCHAR}
    </delete>

    <delete id="deleteRoleUrl">
        DELETE FROM mscode_sys_role_url WHERE role_id = #{roleId,jdbcType=BIGINT} AND tenant_code = #{tenantCode,jdbcType=VARCHAR}
    </delete>

</mapper>