<?xml version="1.0" encoding="UTF-8"?>
<!DOCTYPE mapper PUBLIC "-//mybatis.org//DTD Mapper 3.0//EN" "http://mybatis.org/dtd/mybatis-3-mapper.dtd">

<mapper namespace="com.chinatechstar.admin.mapper.SysUserMapper">

    <select id="querySysUser" parameterType="map" resultType="java.util.LinkedHashMap">
        SELECT CAST(msu.id AS CHAR) AS "id",msu.username AS "username",msu.nickname AS "nickname",msu.email AS "email",msu.mobile AS "mobile",msu.prefix AS "prefix",GROUP_CONCAT(DISTINCT msru.role_id) AS "roleId",GROUP_CONCAT(DISTINCT msr.role_name) AS "roleIdCn",GROUP_CONCAT(DISTINCT msou.org_id) AS "orgId",GROUP_CONCAT(DISTINCT mso.org_name) AS "orgIdCn",msu.status AS "status",msu.create_time AS "createTime",(SELECT MAX(msup.post_code) FROM mscode_sys_user_post msup WHERE msu.id = msup.user_id AND msup.status = 1) AS "postCode"
        FROM mscode_sys_user msu
        LEFT JOIN mscode_sys_role_user msru ON msu.id = msru.user_id
        LEFT JOIN mscode_sys_role msr ON msr.id = msru.role_id
        LEFT JOIN mscode_sys_org_user msou ON msu.id = msou.user_id
        LEFT JOIN mscode_sys_org mso ON mso.id = msou.org_id
        WHERE 1 = 1
        <if test="username != null and username != ''">
            AND msu.username REGEXP #{username}
        </if>
        <if test="onlineusername != null and onlineusername != ''">
            AND msu.username LIKE CONCAT('%',#{onlineusername},'%')
        </if>
        <if test="nickname != null and nickname != ''">
            AND msu.nickname LIKE CONCAT('%',#{nickname},'%')
        </if>
        <if test="mobile != null and mobile != ''">
            AND msu.mobile LIKE CONCAT('%',#{mobile},'%')
        </if>
        <if test="statusList != null">
            AND msu.status IN
            <foreach item="item" index="index" collection="statusList" open="(" separator="," close=")">
                #{item}
            </foreach>
        </if>
        <if test="tenantCode != null and tenantCode != ''">
            AND EXISTS (SELECT 1 FROM mscode_sys_tenant_user RIGHT JOIN mscode_sys_tenant ON mscode_sys_tenant_user.tenant_id = mscode_sys_tenant.id WHERE tenant_code = #{tenantCode} AND mscode_sys_tenant_user.user_id = msu.id)
        </if>
        <if test="notContainTenantCode != null and notContainTenantCode != ''">
            AND NOT EXISTS (SELECT 1 FROM mscode_sys_tenant_user RIGHT JOIN mscode_sys_tenant ON mscode_sys_tenant_user.tenant_id = mscode_sys_tenant.id WHERE tenant_code = #{notContainTenantCode} AND mscode_sys_tenant_user.user_id = msu.id)
        </if>
        <if test="orgIdArray != null and orgIdArray.length > 0">
            AND EXISTS (SELECT 1 FROM mscode_sys_org_user msout WHERE msout.user_id = msu.id
            AND msout.org_id IN
            <foreach item="orgId" collection="orgIdArray" open="(" separator="," close=")">
                #{orgId}
            </foreach>
            AND msout.tenant_code = #{tenantCode})
        </if>
        <if test="roleId != null">
            AND EXISTS (SELECT 1 FROM mscode_sys_role_user msrut WHERE msrut.user_id = msu.id AND msrut.role_id = #{roleId} AND msrut.tenant_code = #{tenantCode})
        </if>
        GROUP BY msu.id
        <if test="sort != null and sequence != null">
            ORDER BY ${sort} ${sequence}
        </if>
    </select>

    <select id="queryUsername" resultType="java.util.LinkedHashMap">
        SELECT username AS "value"
        FROM mscode_sys_user
        WHERE status = 1
        <if test="array != null and array.length > 0">
            AND id IN
            <foreach item="id" collection="array" open="(" separator="," close=")">
                #{id}
            </foreach>
        </if>
        AND tenant_code = #{tenantCode,jdbcType=VARCHAR}
    </select>

    <select id="querySysUserId" resultType="Long">
        SELECT CAST(id AS CHAR) AS "id"
        FROM mscode_sys_user
        WHERE status = 1
        <if test="array != null and array.length > 0">
            AND username IN
            <foreach item="username" collection="array" open="(" separator="," close=")">
                #{username}
            </foreach>
        </if>
        AND tenant_code = #{tenantCode,jdbcType=VARCHAR}
    </select>

    <select id="getSysUserByIdentification" resultType="Integer">
        SELECT DISTINCT 1
        FROM mscode_sys_user
        WHERE username = #{username,jdbcType=VARCHAR} OR email = #{email,jdbcType=VARCHAR} OR mobile = #{mobile,jdbcType=VARCHAR}
    </select>

    <select id="getSysUserByIdEmailMobile" resultType="Integer">
        SELECT DISTINCT 1
        FROM mscode_sys_user
        WHERE id != #{id,jdbcType=BIGINT} AND (email = #{email,jdbcType=VARCHAR} OR mobile = #{mobile,jdbcType=VARCHAR}) AND tenant_code = #{tenantCode,jdbcType=VARCHAR}
    </select>

    <select id="queryUserIdByOrgId" resultType="String">
        SELECT CONCAT_WS("|",msu.id,msup.post_code) AS 'id',msu.username
        FROM mscode_sys_user msu LEFT JOIN mscode_sys_user_post msup ON msu.id = msup.user_id AND msu.tenant_code = #{tenantCode,jdbcType=VARCHAR} AND msup.tenant_code = #{tenantCode,jdbcType=VARCHAR}
        WHERE EXISTS (SELECT 1 FROM mscode_sys_org_user msou WHERE msu.id = msou.user_id AND msou.org_id = #{orgId,jdbcType=BIGINT})
        <if test="assign == 0">
            AND NOT EXISTS (SELECT 1 FROM mscode_sys_role_user msru WHERE msu.id = msru.user_id AND (msup.post_code = msru.post_code OR msru.post_code IS NULL) AND msru.role_id = #{roleId,jdbcType=BIGINT} AND msru.tenant_code = #{tenantCode,jdbcType=VARCHAR})
        </if>
        <if test="assign == 1">
            AND EXISTS (SELECT 1 FROM mscode_sys_role_user msru WHERE msu.id = msru.user_id AND (msup.post_code = msru.post_code OR msru.post_code IS NULL) AND msru.role_id = #{roleId,jdbcType=BIGINT} AND msru.tenant_code = #{tenantCode,jdbcType=VARCHAR})
        </if>
    </select>

    <select id="queryModelUserIdByOrgId" resultType="String">
        SELECT CONCAT_WS("|",msu.id,thd.post_code) AS 'id',msu.username
        FROM mscode_sys_user msu LEFT JOIN mscode_sys_user_post thd ON msu.id = thd.user_id
        WHERE EXISTS (SELECT 1 FROM mscode_sys_org_user msou WHERE msu.id = msou.user_id AND msou.org_id = #{orgId,jdbcType=BIGINT})
        <if test="assign == 0">
            AND NOT EXISTS (SELECT 1 FROM mscode_act_re_model_sysuser msru WHERE msu.id = msru.sysuser_id AND (thd.post_code = msru.post_code OR msru.post_code IS NULL) AND msru.model_id = #{modelId,jdbcType=VARCHAR})
        </if>
        <if test="assign == 1">
            AND EXISTS (SELECT 1 FROM mscode_act_re_model_sysuser msru WHERE msu.id = msru.sysuser_id AND (thd.post_code = msru.post_code OR msru.post_code IS NULL) AND msru.model_id = #{modelId,jdbcType=VARCHAR})
        </if>
    </select>

    <select id="queryUsernameNickname" resultType="java.util.LinkedHashMap">
        SELECT CONCAT_WS("-",msu.username,msu.nickname,msup.post_name) AS "label",CONCAT_WS("|",msu.id,msup.post_code) AS "value"
        FROM mscode_sys_user msu LEFT JOIN mscode_sys_user_post msup ON msu.id = msup.user_id
            AND msu.tenant_code = #{tenantCode,jdbcType=VARCHAR} AND msup.tenant_code = #{tenantCode,jdbcType=VARCHAR}
    </select>

    <select id="queryTenantUser" resultType="java.util.LinkedHashMap">
        SELECT mst.tenant_name AS "name",mst.tenant_code AS "value"
        FROM mscode_sys_tenant_user mstu RIGHT JOIN mscode_sys_tenant mst ON mstu.tenant_id = mst.id RIGHT JOIN mscode_sys_user msu ON mstu.user_id = msu.id
        WHERE msu.username = #{userInfo,jdbcType=VARCHAR} OR msu.email = #{userInfo,jdbcType=VARCHAR} OR msu.mobile = #{userInfo,jdbcType=VARCHAR}
        ORDER BY mst.create_time ASC
    </select>

    <insert id="insertSysUser" parameterType="SysUser">
        INSERT INTO mscode_sys_user
        (id, username, nickname, password, email, mobile, prefix, province_regioncode, city_regioncode, avatar, status, tenant_code)
        VALUES
            (#{id,jdbcType=BIGINT}, #{username,jdbcType=VARCHAR}, #{username,jdbcType=VARCHAR}, #{password,jdbcType=VARCHAR}, #{email,jdbcType=VARCHAR}, #{mobile,jdbcType=VARCHAR}, #{prefix,jdbcType=VARCHAR}, '440000', '440100', '/api/file/static/upload/20200224110421638.png', #{status,jdbcType=SMALLINT}, #{tenantCode,jdbcType=VARCHAR})
    </insert>

    <insert id="insertSysTenantUser">
        INSERT INTO mscode_sys_tenant_user
            (id, tenant_id, user_id)
        VALUES
            (#{id,jdbcType=BIGINT}, #{tenantId,jdbcType=BIGINT}, #{userId,jdbcType=BIGINT})
    </insert>

    <insert id="insertSysOrgUser">
        INSERT INTO mscode_sys_org_user
            (id, org_id, user_id, tenant_code)
        VALUES
            (#{id,jdbcType=BIGINT}, #{orgId,jdbcType=BIGINT}, #{userId,jdbcType=BIGINT}, #{tenantCode,jdbcType=VARCHAR})
    </insert>

    <update id="updateSysUser" parameterType="SysUser">
        UPDATE mscode_sys_user
        <set>
            <if test="password != null and password != ''">password=#{password},</if>
            <if test="email != null and email != ''">email=#{email},</if>
            <if test="mobile != null and mobile != ''">mobile=#{mobile},</if>
            <if test="status != null">status=#{status},</if>
            prefix=#{prefix,jdbcType=VARCHAR}
        </set>
        WHERE id=#{id,jdbcType=BIGINT} AND tenant_code = #{tenantCode,jdbcType=VARCHAR}
    </update>

    <delete id="deleteSysUser">
        DELETE FROM mscode_sys_user WHERE id IN
        <foreach item="id" collection="array" open="(" separator="," close=")">
            #{id,jdbcType=BIGINT}
        </foreach>
        AND tenant_code = #{tenantCode,jdbcType=VARCHAR}
    </delete>

    <delete id="deleteSysTenantUser">
        DELETE FROM mscode_sys_tenant_user WHERE user_id IN
        <foreach item="id" collection="array" open="(" separator="," close=")">
            #{id,jdbcType=BIGINT}
        </foreach>
        AND tenant_id = #{tenantId,jdbcType=BIGINT}
    </delete>

    <delete id="deleteSysOrgUser">
        DELETE FROM mscode_sys_org_user WHERE user_id = #{userId,jdbcType=BIGINT} AND tenant_code = #{tenantCode,jdbcType=VARCHAR}
    </delete>

</mapper>